name;facebook;birth_date;nationality;register
Lawrence Curry;08c4c75c-0a38-46fb-9960-4b4e81fd00f6;1991-05-23;New Zealand;2004-06-07
Elmo Key;651e82fc-664c-48f9-8b62-b99f476c2121;1959-05-05;Mexico;2004-09-24
Ulysses Lott;257bbd88-1576-43d1-9870-7b7ee1410cb8;1995-10-13;Colombia;2009-04-30
Xavier Dunn;17f7f07c-d323-433f-bd87-1855b811f1d9;2002-04-04;Ukraine;2023-06-18
Uta Hodge;3f955ce7-1df5-43aa-9f48-a7a381d9d8df;1963-05-13;Philippines;2019-01-02
Carly Owen;cf184a9f-b13d-402c-9c56-1783c064ab53;1994-08-13;Vietnam;2012-08-04
Boris Galloway;9acc9d9e-844e-4cb9-a029-886dbc5eb47c;1989-04-13;Netherlands;2022-10-10
Maite Chan;9ebd9f97-5839-4822-a087-900410d44925;1959-10-07;Netherlands;2009-06-15
Ezra Franklin;d78f05d7-ae8b-41fb-9c74-7dded86155ea;1965-02-11;United States;2008-12-28
Hanna Mcintyre;e8cadd76-894f-4d9e-a443-8e33ba01c68b;1982-09-08;Russian Federation;2017-01-09
Adrienne Burnett;20b07710-1859-4848-9087-b9789f3943ef;2000-10-23;Norway;2023-05-27
Zenia Boyle;834f01b1-6e57-4d0c-a5c4-cfe7213593c2;2003-07-28;Vietnam;2010-09-25
Ulysses Hickman;59025fc1-b136-4acc-910e-d03109f36fa8;2005-11-03;Norway;2007-10-25
Daniel Calhoun;7bd0611f-8036-41ac-b28a-5beb813644e2;1997-07-17;Turkey;2022-07-13
Basil Beach;c7245684-5477-4f6f-8605-16f7141b32cf;1965-09-12;Austria;2009-12-08
Ezekiel Rowe;c9d4ed7a-67f3-4174-98c4-b5a7053a0583;1989-10-31;Mexico;2021-07-15
Candice Atkins;62051163-d009-4ef5-abee-7bc68dc24f47;1970-10-31;Italy;2017-01-24
Genevieve Leon;1eeed33f-5679-4da1-a473-be73c355bced;1995-08-23;New Zealand;2012-01-13
Lev Kelley;4fe5691e-aa3e-45ab-b4e9-9cd8da41e645;1985-08-11;Chile;2006-05-15
Lamar Mercado;092a38a1-eeb9-4be2-b8a8-fe85ead62fec;1960-06-22;Chile;2007-02-18
Sheila Oliver;93b327c1-f47a-4c59-ac7e-300760047d8e;1986-03-25;United Kingdom;2018-11-25
Axel Wood;219d74c0-e8e1-4aba-a928-1b8302bc964d;1991-05-29;Vietnam;2018-04-03
Lee Dunlap;c199e072-db79-45fe-8d1c-cf1b35facdfc;1967-10-26;Germany;2009-03-22
Reuben Jennings;d31d9858-88b7-4442-997a-acaaa6f48d49;1967-03-02;Germany;2008-01-09
Hedda Cooke;04af1ddc-c559-487a-b501-b5701a7cd27c;1962-11-30;India;2004-05-17
Victoria Neal;8f95dd72-86ee-4a8f-8b79-e567aa56aca8;1974-10-04;Indonesia;2015-02-02
Abel Allison;2ddc368e-c085-451c-8712-c5a46bf7bcf7;1955-12-13;Austria;2011-04-07
Harriet Bush;218dccdb-bfce-42bc-aef6-e5553e7ead6b;2010-05-19;Italy;2006-03-08
Cooper Benjamin;dad2521d-8179-4218-89a1-137950c47e47;1969-09-25;Poland;2015-09-10
Gage Gates;1b9acc33-8f61-44a3-9e91-31e7e862e650;1965-12-05;Indonesia;2016-01-24
Jeanette Hodge;3fa85db4-349e-48bf-84a4-729f48a3deed;1957-08-11;Brazil;2012-05-11
Luke Strickland;d28b2ab3-1b17-4417-9b5b-3c9f62893ccb;1993-02-11;Colombia;2006-06-10
Malcolm Hoover;3e30a77a-95bf-4274-a080-a841d2a1a658;2002-11-30;Turkey;2017-10-16
Tatyana Johnson;6f48933d-634a-474e-be27-fbd40ec63d05;1957-05-10;France;2014-10-01
Jack Watkins;b756be3f-4159-4a2b-848d-79512e25c0fb;1974-05-18;Spain;2011-08-14
Rylee Lloyd;42247b22-851e-4daa-91e5-3a68bd274768;1968-08-23;Australia;2014-05-25
Xanthus Woodward;e2baa5fe-9b95-430c-bd96-abcba79b3d02;2010-07-09;Turkey;2015-09-07
Leslie Nicholson;2360a544-c64b-4ec4-8e07-64f613b1ccb1;1983-12-13;Australia;2008-06-14
Lucius Parrish;9a4335a7-ed23-4fa1-8ad0-92880f23de94;1977-08-24;Nigeria;2016-09-09
Mara Juarez;60e4db19-b2b2-4e15-8f6c-110a9fb6bbc6;2010-09-02;Germany;2021-06-01
Zachary Palmer;8c3ab534-9910-46ff-b2e7-700141084a70;1970-11-30;Sweden;2016-03-27
Rhiannon Lyons;aae92a7a-609f-4b4a-ab52-181206a8b69c;1997-12-04;Chile;2012-07-25
Carter Bryan;50cfe6f7-9eef-4d6f-ab81-2a6e73bdd35f;1957-12-15;Canada;2009-09-16
Hu Mason;7373be08-ac8e-485b-8488-85778b9d46a8;1997-11-14;Canada;2020-11-23
Connor Christian;dfd09c5f-f0d3-4dbf-bb19-9f6aec2866e0;1969-09-16;Pakistan;2005-08-07
Lunea Chen;3134a9de-fb97-4590-a749-8f8fb56d625c;1964-03-26;Norway;2020-01-09
Timon Stout;c0a5ad06-22b5-479f-a1ac-e9751ed692e8;1983-01-24;Peru;2009-03-10
Halee Jacobson;046358cf-0afc-418c-9ef2-3bd49431f070;1961-01-16;Ireland;2021-10-22
Callum Barron;95aecb25-9c35-4c0b-b78a-ace23807015d;1959-01-27;Germany;2019-12-07
Chancellor Jennings;e4bfdcf3-83de-4823-ab52-3ea9a85df299;1955-07-30;Pakistan;2016-04-18
Stephanie Pacheco;70393144-dc08-486f-a8df-196b15f4d0ac;1966-04-06;Philippines;2022-08-10
Jessamine O'brien;d669dbf6-a091-4d73-821f-4f9f2088551a;2009-05-05;Sweden;2015-11-03
Ryder Wood;d97759b4-4507-4fed-89c1-01472f15cab2;1969-01-03;United States;2018-07-14
Odessa Travis;881533e0-2e43-48cd-b190-67dd800c3021;2004-02-08;France;2009-04-12
Gretchen Mcknight;a38b2f32-29ec-4d2d-a398-f55c3896c62c;2006-06-13;South Korea;2023-07-02
Samantha Landry;927054ce-0d40-43c5-9ade-352c5dce7052;1975-04-23;Colombia;2013-08-09
Amity Ortega;e8c3b869-47be-4cb6-abb5-4a9ff5598a35;1992-03-02;Chile;2007-10-09
Elliott Wilder;a14b0bc6-500b-40cf-8a8b-58d4d365d74b;1966-05-19;Canada;2021-10-19
Maisie Hodge;f268825c-8f2c-4eb4-9f79-567e118f479d;1955-01-11;Turkey;2004-07-18
Stone England;58629acc-9c48-4075-84e7-dab81b07b959;1961-03-11;Spain;2023-01-07
Joel Justice;62f6b5da-f011-4c1f-9931-c3e4fd570c0a;2003-07-30;Brazil;2009-03-08
Vaughan Howe;14441f26-c87d-40c4-b7ac-bb09060ac2ec;1962-01-25;Canada;2018-09-06
Avram Callahan;b40c7b95-cf0e-4067-a623-d8f21e4a8062;1955-06-10;Poland;2013-07-13
Amelia Irwin;aa6e1f8f-119e-4fd0-bbce-c90fbfd7a1be;1969-01-29;Austria;2006-06-10
Igor Mcfarland;ebae861f-8be3-4669-b959-9c5b828cd71e;1996-12-12;Australia;2012-06-06
Nyssa Greene;c92a560c-9c8e-4dc0-83d9-73c7a817e78b;1992-05-28;India;2007-10-03
Violet Gordon;64a66f06-8f0c-44c3-a435-aab56eae137b;1987-09-24;New Zealand;2010-01-01
Abbot Potts;a101cd52-e46a-466c-9343-b343a9283ec4;1989-08-11;Brazil;2008-01-21
Daphne Meyer;4d0b8abc-061c-4289-8a5e-3b14212cc8a7;1984-06-22;India;2019-12-03
Denise Johnson;c85832fa-4d32-477c-8e0c-8e56817c160a;1977-11-20;Vietnam;2007-09-20
Felix Parker;9dde4f73-37b6-44b3-bd32-d30549fa2fbe;2006-09-25;Italy;2018-06-21
Griffith Weiss;b916c8aa-91a0-42a5-86b2-af2e9904d253;1980-01-22;Germany;2019-07-27
Cheyenne Davis;3ade0559-8280-4ecb-b177-60fcb24e7165;1956-08-17;Philippines;2011-04-24
Joseph Reilly;4828bfbe-7230-4718-b7ee-21dfbe63e653;1977-09-19;Poland;2012-04-30
Phyllis Valenzuela;75ba8dda-38ae-4b15-90d0-a5d3152d7a30;1981-09-25;Australia;2017-02-15
Aimee Hopper;1e1fba9f-4ca4-457e-8f13-8ea7a1d7ac8e;1973-10-28;Mexico;2012-11-25
Cruz Doyle;e6155a48-4b12-4226-8ba6-8772c43b32b1;1995-12-28;Brazil;2014-07-06
Selma Gilmore;8d37539d-a6f8-4d55-9218-734d060f2837;1971-01-31;Costa Rica;2013-10-30
Faith Bray;1dc32651-7e52-4919-a54c-835660d05132;1975-08-09;Turkey;2011-06-26
Vance Mendez;53f3042a-636e-423f-9545-3335c210c55c;1957-12-27;Nigeria;2019-10-13
Ferris Willis;cb18693a-c08b-4b9b-a53d-508b83118f20;1986-01-13;Netherlands;2004-10-18
Denise Donovan;9adc530c-2dae-4d54-b3f4-4855ed0c523e;1965-08-02;Vietnam;2006-11-28
Dorian Gaines;2ca090ff-a923-4992-abe4-0ee7d02465e6;1989-11-12;South Africa;2020-07-11
Katelyn Lawrence;0437e536-a0a6-4faf-8d7e-60ff3747bf6c;1957-01-20;Philippines;2010-06-01
Melinda Mills;425bcee6-fca3-47b4-bc22-e180e10aa482;1984-05-21;Brazil;2012-01-01
Lacey Smith;0434a80c-d0de-4648-b1e2-cd08d64521d0;1985-05-11;Belgium;2009-02-19
Aladdin Buchanan;aeee04db-66a1-40da-a606-b54e66d54e50;1999-04-15;Ukraine;2005-08-30
Bethany Mills;c3638c23-3869-4aea-a52f-1c13eb29d3f2;1977-10-19;Philippines;2019-05-18
Nelle Meadows;09c5ddaf-edec-49b3-84f4-24f6db697455;1954-06-18;Germany;2019-06-08
Kay Chambers;bd4702c5-bed7-495c-9de4-e1cfcfd94c5a;1962-08-28;United Kingdom;2008-02-13
Raja Mcdowell;6443f4aa-f425-4a71-80cf-73b648939d91;1997-11-12;Ireland;2006-12-21
Ivor Zimmerman;dfc0d3ee-5f3e-444f-9dc2-113289070cb1;1961-02-11;Nigeria;2020-01-25
Barclay Terrell;3277d7a6-86c5-4abc-8a98-40df8c16616c;1991-01-30;Germany;2008-10-13
Vielka French;50870d42-807e-4613-8a07-c30d3a61a27e;1955-04-29;Mexico;2009-07-29
Olivia Burris;522016bc-e132-48b9-a4d0-3cbd6fbb42ad;1976-03-01;Singapore;2021-05-07
Veda Melton;d72395e6-be10-41c6-b282-ad023da9456f;2007-06-29;Ukraine;2014-09-22
Petra Glass;f9c55981-63c1-42f8-a775-6d14b16c16b4;1958-12-29;Ukraine;2023-07-08
Portia Tillman;852484e2-2b3a-49ab-9d47-f30769804d0b;1986-05-27;France;2013-07-10
Elliott Terry;980077c8-752a-4e47-a111-c0e3fa28a0f9;1987-12-19;United States;2005-05-06
Naida Rosales;e78d5e36-9627-4809-8f39-10871b8a3d97;1960-02-21;Vietnam;2005-09-24
Vaughan Payne;36fe5bad-836b-4a8f-b1a5-3191fae110f5;1964-12-08;Singapore;2011-05-15
Maisie Conner;36e80658-08b6-4841-8b52-9f67d5a51398;1976-09-03;Indonesia;2010-06-19
Zeus Mcmillan;e2ea7cb6-331c-4284-bf5b-0abb214f1da9;1970-09-05;Mexico;2012-10-28
Blaze Shelton;6be6cd2e-aa57-401a-b4be-b50a36bd6d35;1992-08-20;Chile;2011-02-19
Joy French;0178bb2e-ab1b-4cd6-ae21-d6e3a4335079;1976-07-29;China;2014-06-26
Isabella Schwartz;adcacb6a-bb08-4a4b-98de-7115b489ee42;1978-09-16;Poland;2013-10-27
Curran Aguilar;56a1ac3c-a576-4b93-b12b-8242260f1a52;1958-08-08;Ukraine;2018-11-16
Jescie Schroeder;29b843f2-f3d9-4d02-9d59-389fda7a1ea6;1978-07-29;Brazil;2012-12-22
Vernon Boyle;b52954d1-7718-47e1-bc37-3d9c02a9a874;1978-04-23;Brazil;2004-09-29
Dustin Francis;903489ae-c7cf-4372-a308-734e2b15abe7;1967-06-09;Netherlands;2016-08-28
Silas Fisher;98df7284-b8d2-49fe-9315-90b089eb81f3;1972-07-20;South Korea;2015-08-11
Phoebe Forbes;9e8be9d5-f6a0-4abd-8eff-b2284a7e32f2;1973-04-02;Ukraine;2010-06-13
Cameron Johnson;65aae054-5785-4faa-bc48-ed11e579237a;2009-10-20;Ireland;2018-10-29
Hiroko Brock;31582d13-237b-415c-a70f-2919df332998;1993-03-20;India;2020-01-02
Lara Strong;1ff2f3e5-2d82-4016-b1b2-5562fe7a6661;2000-05-11;United States;2021-04-20
Drew Walton;77489b65-44c7-43a0-9e7a-68023765be1c;1968-04-10;Spain;2006-03-09
Zena Bright;5dc78f2e-4326-4668-89f0-6a058d71c8b9;2006-10-18;Australia;2019-08-20
Macaulay Burch;e4332346-3654-4013-b84c-06fc62672311;1978-06-13;Philippines;2008-06-15
Buffy Wood;8253d632-e1b5-4c64-bd26-0580157c51db;2010-01-18;Poland;2023-10-03
Branden Collins;295ba797-1e04-4587-8966-f08e949f4ba5;2006-04-20;France;2015-06-20
Denton Holmes;da795324-d07d-4a56-bc99-745b386307b2;1979-12-21;Norway;2014-05-21
Allistair Atkinson;e7cc934b-80e2-4350-b038-e32c9c63ea2c;1967-12-16;South Korea;2008-11-17
Jonas Whitfield;1840ad76-d1db-4af8-83de-33df92f0b8c6;1978-10-01;Peru;2004-10-28
Chadwick Daniel;6a5d78ee-619d-45ba-80c3-3b3767ffc424;1990-05-31;China;2020-10-26
Ivana Morgan;0bf0440d-0b7f-4c4f-b3ae-1469f6095ae0;1967-03-21;Costa Rica;2017-01-21
Ciara Berger;e86f9cbf-12dd-4e98-8754-e6bcb0461b74;1969-01-27;United Kingdom;2019-08-31
Clementine Singleton;569bd2e3-d1d4-43f7-9ed9-8e1ca797013c;1964-10-11;Austria;2007-09-01
Justine Ingram;96e28b2b-a6fd-4595-a462-511e0382ad01;1990-12-04;Indonesia;2004-09-27
Guinevere Flynn;6175e871-72fb-4eb1-a5b2-f50ce656eaa3;1966-07-15;South Africa;2008-11-19
Keane Valdez;8e8d3555-7f17-4560-a8d0-c7212290eb5e;1965-01-15;Australia;2007-01-16
Simon Wilcox;84851167-97c7-4624-8e98-f5c42248263b;2003-01-20;Norway;2010-06-10
Nigel Carter;d0b9ce26-6aba-457c-8d38-1c58be4a42df;1961-05-29;Germany;2021-10-26
Gary Fuller;40e45a2d-40d4-4d83-ab98-0e4621910480;1970-10-29;Colombia;2008-12-07
Mona Pearson;8c4a635d-fbe1-48fa-b1a6-0df45c8ab42b;1957-11-01;Nigeria;2008-01-25
Cade Whitehead;6dceb80e-4981-4816-b644-50cdd2576333;1987-11-08;Singapore;2012-06-30
Ivory Browning;3faab684-3bf8-40b1-8eb6-ce7a688513bd;1984-09-26;Mexico;2016-11-27
Todd Roberson;da602bab-3bef-4e08-ba86-d56d550b1e93;2001-03-18;Italy;2006-08-24
Otto Roach;80bff9fa-6423-43a9-a03e-363c309de3fe;1995-12-20;Sweden;2008-02-04
Isaiah Harding;9fcdb936-3b4e-4cde-8fbc-6ec4d64989a4;1999-05-24;Singapore;2018-10-28
Bert Cantrell;deabfe45-e4b4-45c1-a2f4-94c6c0cf1d76;2004-06-16;Vietnam;2014-08-26
Ronan Foreman;e5ffa761-3859-432e-bc9c-4955b5695c0a;1997-01-28;India;2010-05-07
Jaden Acevedo;c7388ddf-3a55-4eca-98da-82073e530260;1968-08-24;France;2019-02-19
Howard Baird;12618922-f68d-4faa-be9a-ae3c7f205d41;1984-12-12;Australia;2018-05-01
Nehru Garrett;5cf0ce66-2972-4db3-b62a-3a26093fec18;1990-12-07;Peru;2010-05-30
Velma Stuart;8a17db78-9afe-4caa-86d6-cdb9d5ae6264;1977-10-21;Ireland;2019-11-04
Wilma Allison;9b1d07be-6b9e-4482-9b17-0ec72b3dcb72;1957-02-18;Colombia;2021-10-08
Evelyn Burch;203b9446-50c4-4838-98c1-6ffae81f90be;1975-07-15;Sweden;2021-09-30
Ivan O'Neill;95e09b10-8cf8-45b5-a836-7e63a6d5e2e3;1997-12-06;Turkey;2004-12-25
Brenden Maddox;6e1c3da4-4d59-4f72-91d8-ec1e6d348e4b;2005-01-07;Colombia;2007-04-25
Azalia Mckenzie;5f48140f-0c19-4acf-a380-e244a6c19dc9;1976-04-17;Singapore;2022-11-04
Jelani Carter;d9c001c2-a8fc-4885-ba01-94755bc53251;1971-04-05;Norway;2023-07-14
Flynn French;89320a73-4ba0-49cb-a55a-83c6e925a577;1994-06-23;Vietnam;2009-01-22
Carlos Rose;26dc1c3c-8c34-40d8-a5c1-dc3a010f2d13;1969-12-18;Sweden;2008-02-29
Eric Bond;0f1fb860-ea62-48ff-a398-ae4fc265bcf9;1954-05-11;Singapore;2020-04-17
Finn Barrera;a77a3b7d-260e-446c-8e70-5a0ce97ae176;2006-01-29;Nigeria;2013-07-07
Candice Jimenez;0068333d-9fbd-4018-befb-f878f3743e25;1981-01-05;Sweden;2016-12-25
Kimberley Cannon;7a1a1b45-c964-4483-8960-dacce00ccb76;1981-12-04;Austria;2022-07-19
Priscilla Hamilton;806bcc56-d641-4269-8049-84008e5f9b96;1998-07-15;United States;2020-07-20
Kylie Sellers;6a68e459-03e9-4da3-8820-16df27fb4973;1976-04-17;Colombia;2016-02-29
Boris Hurst;f1757a08-3a85-46e8-9f7f-2327c91d8091;1977-03-24;Sweden;2015-12-23
Leilani Burton;9c86fd01-14c9-489b-91aa-8bdd958cae8c;1956-09-19;Netherlands;2012-02-05
Yael Livingston;da480d49-ee0a-480d-95d2-b7a053570b34;2002-01-31;Nigeria;2015-09-10
Angelica Hardy;ad3fb2f4-07be-4316-843b-bda932fb3b37;2010-04-20;Pakistan;2007-11-01
Demetrius Vang;176043fb-a607-45ee-8ad5-3194c7f44649;1969-09-23;India;2006-03-27
Jael Farrell;01f73e34-440b-489a-9b03-b81c60a4eb9d;1962-12-03;Colombia;2010-05-31
Upton Marks;f9bf9a8f-b6a0-41da-bfe7-ea6c2f813a91;1961-01-03;Australia;2006-08-06
Pearl Bishop;c5ab6ffb-fd49-4745-a8c1-041a501c88c7;1972-06-24;Colombia;2006-04-24
Stone Witt;785c7bcd-3c4e-4d37-bd59-81f75153ad27;1983-03-03;Belgium;2016-03-24
Jessamine York;44f0c4b9-8c79-40be-9550-e736c87fd566;1963-03-07;Peru;2006-02-03
Lilah Campos;ad0e36f2-e787-4221-9fc2-781fefbb285b;1989-01-16;Peru;2014-05-29
Inez Mcneil;01b0215f-ff92-4f4c-ace5-e912ea4b252a;1996-05-29;France;2006-07-30
Alfreda Melton;5cfc8cef-76bf-45f5-a914-3a75a6d46469;1990-10-04;Indonesia;2012-02-28
Francis Hodge;a9f2f9c5-3654-4a63-b0ac-c2b84c92a1d9;1969-10-16;Singapore;2020-04-27
John Wall;a8e00eb1-c558-442b-9649-abbfb7f9e07a;2008-08-10;Chile;2008-06-18
Jessica Hudson;8ad2e32c-218d-4aaf-9f77-410000fd0f9f;1991-07-20;Norway;2010-02-12
Warren Hunter;626ea99c-3291-4d7a-8bd4-cff2d6e2dc7e;1971-02-17;Nigeria;2021-03-17
Vanna Phillips;26f09a00-ae38-475f-bbc5-3e4dc1470a27;1975-01-24;Belgium;2017-05-09
Reed Poole;4bd781a9-bb0e-4fb2-9bee-a4b80373da08;1982-08-20;Poland;2005-04-08
Zelda Morgan;c3d545e1-b9f1-411e-88ac-bad32155d966;1978-05-13;Ireland;2015-11-04
Emery Hull;7ecceec1-0142-4306-8460-5e8721a6e208;1954-09-16;Colombia;2014-11-04
Rafael Stein;903809f8-bf59-4184-be8e-47fe08b6ccba;2002-03-26;Singapore;2014-12-20
Lael Olsen;9959cfb2-ed52-49a9-aee1-e437352382d5;2004-11-12;Brazil;2011-07-06
Brooke Wallace;714a12bc-9196-4cac-8f31-b9253aaf68ac;1999-12-16;South Africa;2017-08-16
Gareth Edwards;e3488208-5a2f-4c2a-b959-1cf6c22cc2af;1989-12-16;Colombia;2006-02-21
Rose Hartman;c5234beb-e3e1-4942-a6cb-ee075db1b5e4;1958-01-15;Austria;2021-01-01
Lawrence Dickerson;bb3ac1b8-69ba-4c16-832a-ea83c819fa3c;1986-06-27;Ukraine;2022-06-14
Brielle Dean;9354786c-6c04-41b9-b9ed-260e9298034c;1997-07-27;Peru;2015-12-24
Garrett Gilmore;6cdd649e-fed6-4d4f-83a3-65c4e2e98d3b;2006-04-12;Indonesia;2021-11-30
Akeem Vang;8c78adec-12f8-491f-a61a-bed1f4ac52b7;1988-08-17;Nigeria;2018-10-31
Jasper Copeland;f8a72e76-e988-4bfd-9f27-81950650efdb;1972-09-29;New Zealand;2009-05-31
Alan Cox;92b82d0c-36c3-4e37-b33c-b8cdc602af0d;1956-09-29;Germany;2015-09-30
Cyrus Dickerson;4d5336c4-6e8a-4829-a3d3-877c8a3ec410;1957-05-15;Netherlands;2019-11-19
Declan Bradshaw;ba6e8c16-7e43-492b-bc02-cf12a07c9874;1968-06-14;Belgium;2019-07-17
Kylynn Knight;9aedc532-ce6a-4e6e-8df8-d99d7e7ad61d;1962-06-14;Pakistan;2023-05-05
Stacey Hubbard;b5f833d7-9533-4481-b5e2-9bf33ce546df;1991-04-03;Chile;2016-08-14
Orson Weaver;4ca96243-ce21-48ac-bb4e-3be7e16ea75c;1974-04-20;Canada;2015-08-12
Cally Owen;f656f211-fd56-4d8d-a12d-731d03f089d5;1954-06-22;United States;2022-09-08
Fuller Underwood;c90b2605-9564-4ca1-be1f-a5ff75f74a47;1954-07-16;Chile;2019-03-22
Lee Bishop;2872acf5-c538-4afd-9853-0f70317f7a67;1994-11-14;Norway;2006-09-09
Kirsten Cooper;ea9ff025-e601-47bf-8fe9-748c11d5f51c;1972-07-03;Sweden;2021-08-22
Penelope Bolton;864594bd-820a-4645-bada-5004b4673c8b;1984-02-08;Turkey;2019-08-26
Jena Mclaughlin;a1e0d11c-6d0a-4d33-ae3f-79d006301c9a;1955-01-28;Ukraine;2011-04-05
Demetria Webster;be7636eb-597a-49fe-9074-fac7aaae4f3c;1976-08-05;Mexico;2016-04-10
Priscilla Cervantes;4115efdb-61cd-43a2-9ebf-21898fa81269;1985-11-22;Turkey;2012-09-07
Hannah Wynn;10abd617-ad76-49fb-b639-35ce2bc8ca68;1970-06-28;France;2006-11-09
Branden Haney;e2de1281-f2b2-461c-b804-9c83582a8d28;1971-04-19;Turkey;2011-05-19
Ocean Campbell;00ac5d6c-d14e-47da-8872-615cdfc88309;2010-07-05;Belgium;2020-12-18
Fitzgerald Berg;1c632efe-58cf-41f8-bd94-82ddb1cc9a27;2003-12-27;Russian Federation;2008-07-10
Ronan Chase;25bef097-4c46-4728-95d5-2b83425d54f2;1981-04-12;Austria;2004-03-18
Raymond Barnes;0888b7ba-90aa-4937-9da1-18469dc68d90;1995-10-25;Nigeria;2009-09-30
Marcia Madden;3dde36d6-21ab-4ec9-8a02-99eec5477588;1980-01-02;Belgium;2012-02-26
Sybill Hampton;e9861a14-6193-4831-80ae-4fa2cc08af28;1984-10-02;United States;2016-09-13
George Ferguson;94f5fd9f-6efc-465d-9db4-956c7a94c96f;1973-05-03;Costa Rica;2006-01-23
Autumn Weaver;80908db6-7110-4191-bc12-0303c592f21f;2009-08-06;Austria;2005-12-09
Deirdre Castaneda;95a43108-b9b3-479e-9c30-90bace764d23;1976-05-02;Chile;2014-05-19
Giselle Bullock;76632862-f165-4315-bcd5-7d1ee07d058f;1973-07-09;Italy;2014-04-06
Fleur Wolfe;d2a56ed3-55fc-417a-8f1c-b8b06fd95020;1955-12-04;Chile;2015-04-15
Marshall Ray;b4cc0ace-4003-49a4-9792-5fe1a9736620;1968-07-08;Nigeria;2015-02-14
Lila Maynard;397192e9-6481-4701-a3ed-03553bcab662;1977-05-04;Vietnam;2021-09-09
Dexter Downs;a5f61a56-a795-41f6-920d-88ab76b561ce;1969-07-20;Brazil;2020-02-17
Samson Gibson;31419c18-3642-4707-9084-da940866a496;2000-02-16;Belgium;2014-04-08
Tamara Daugherty;a56776d5-60b5-4c6f-b9ca-7b51305caf08;2007-04-07;Norway;2005-12-02
Kevin Crosby;ff245ed7-5159-4adc-a2cc-b19efba38bc4;1955-07-02;India;2005-06-19
Serena James;51a62e63-5f8e-4339-85f3-1f1d36a2227a;1978-04-07;Italy;2005-08-27
Kieran Nieves;d5ea2d69-6380-4dee-800c-3f7fa29be41a;1990-11-09;Ireland;2010-03-28
Adria Griffin;144b9a2c-4ec8-473c-b731-5e673920a949;1957-07-04;Philippines;2009-01-03
Echo Curtis;489096ea-428d-4ae2-a452-bcb813704154;1978-07-05;Italy;2011-10-31
Tad Albert;6ec4913f-960a-44bf-a688-edc25b5b019b;2000-06-30;Italy;2004-08-12
Honorato Olsen;579fb500-88f5-4621-bb6d-ee9b1125d8f1;1999-02-17;Spain;2019-09-02
Abra Hampton;58dc4458-c9dc-471f-b32d-6600c8321130;2007-06-15;Chile;2020-12-04
Nora Wright;b3fa2805-0d2f-42f0-ab32-854dffb3b170;1997-08-26;Ukraine;2014-08-15
Ila Shepard;ef0a95d8-bca9-4301-9485-698d2da654ed;1992-02-11;South Korea;2021-07-16
James Irwin;d325088f-c4fc-4b15-9371-e87a1bfbb45b;1970-03-13;Ireland;2006-10-17
Nathan Wong;fba221c8-596a-4cba-80d7-4972731fd2ad;1993-12-10;China;2010-08-10
Joy Harrington;98958382-94a7-4b5b-bb74-7a72221d4c85;1989-04-21;Chile;2017-01-15
Aline Kim;8adf3f51-4011-4ade-88f3-1c0aa53831c8;2001-10-06;Italy;2012-03-12
Keane White;0b173f68-ca19-4375-9c6d-1261390b2916;1987-06-13;Germany;2005-08-22
Stephen Mosley;2d6618a3-1dca-4c38-9356-16ceade475da;1985-03-15;Peru;2008-08-17
Erica Holden;398458cd-59d7-46fb-8910-68bad32932c6;2002-12-05;Vietnam;2019-11-29
Callum Stevenson;c38ea828-84b5-4007-bf79-8c41b0493b94;1969-12-18;Australia;2016-03-07
Ross Short;9ef4a991-1ea3-4aee-8626-75ec45f32d92;1996-10-20;Austria;2014-04-15
Gloria Haney;14aae992-8172-4882-9dab-6c8378a230e7;2003-11-14;Belgium;2020-09-25
Hu Huff;92c471aa-bc6b-4fb6-87f0-961afd2f5b70;1999-03-31;Colombia;2010-08-14
Demetria Mooney;43be67cb-d93d-45de-8751-b2efd6b35d36;2007-06-30;Poland;2013-09-04
Rosalyn Russell;5b263a1f-7519-4f85-adae-63e5a5cddd97;2007-08-25;India;2007-02-20
Maia Fitzpatrick;57d54ead-ff81-47db-846d-bf9a3f31f877;1954-10-21;Sweden;2004-09-14
Anastasia Caldwell;440dfe27-2a93-4219-a00d-fe8b5fb19c96;1982-11-23;Germany;2021-01-14
Wesley Ayala;4aecda43-1255-41dc-9272-9f70ead9cf95;1965-08-07;Indonesia;2004-07-19
Kessie Garza;4502a710-4eb2-4f69-9ce6-d294333a148f;2009-05-03;Russian Federation;2016-03-17
Neil Blackwell;2ed5e6d4-ea25-48ce-b1d8-d71324c0921e;1954-01-23;Chile;2019-01-30
Hanna Walker;07088785-ec11-415f-aa4c-a7fdced1c131;1969-09-22;Chile;2017-05-28
Lucian Anderson;0d7df639-0988-48ba-98c7-602f85db3338;1957-12-31;Sweden;2017-06-26
Dorian Gaines;940806c8-b740-40c9-9211-0477c285e4d3;1969-04-27;Singapore;2015-01-04
Montana Tillman;f52c52b0-8f9a-4907-b3d4-11aff1b3219b;1965-08-01;Vietnam;2011-02-12
Oren Harrington;d67c00a7-0e22-4b99-9528-75e33c16ae3a;1954-05-04;Nigeria;2016-06-19
Leonard Sellers;d9dbfacb-fdc3-4801-bf2a-d6fb3575a267;2010-06-24;Colombia;2010-12-01
Hakeem Walls;1cab5b91-cbb0-47cf-b61a-072878b6106d;1982-08-15;Nigeria;2004-07-29
Hadassah Wood;f8c50cc8-3523-4784-9cd9-4607951b97bf;1998-07-22;Nigeria;2020-08-11
Bernard Lyons;09b3a052-612d-4d7c-ae1a-524e6cd6ea65;1956-05-08;Ireland;2011-11-19
Nita Abbott;b4da978d-1d59-4bd5-b3e5-487aae53caef;1955-07-07;Turkey;2023-05-23
Caryn Harrell;234933f1-f23a-4910-af6c-d15b2ab0a2e9;1973-08-23;Peru;2008-05-06
Nigel Terry;737b777c-4d24-43b1-9969-db099e146a0a;1970-05-23;Norway;2011-05-02
Felix Mitchell;9fe04722-005e-4470-9f14-5e25f548367e;2003-12-04;Austria;2016-09-11
Jescie Kirkland;d3d8f04b-da0f-4ae4-95fe-4633c657e9bb;1986-11-05;Australia;2015-08-20
Nathaniel Lowery;33ebd13d-f418-438b-b3fe-b3e749f99619;1996-01-21;Chile;2013-08-14
Forrest Ford;887f4055-3d77-4c97-a984-fbddda08935e;1975-12-27;Colombia;2010-12-23
Dylan Hutchinson;b94c7287-9b15-4eb7-ad84-bdbafef20c3c;2006-12-02;Mexico;2022-11-09
Kirsten Bender;47968795-2c18-4e13-b4bc-2e591e3b0802;1966-03-31;Pakistan;2005-03-13
Alexa Kane;5a1d2333-8c19-4920-ab04-caa9d0839d9b;1991-06-15;Italy;2008-07-02
Yuli Gibson;fe9994a5-e266-4ae1-9efb-c19241e67862;1986-08-28;New Zealand;2007-10-09
Neville Baxter;c6e28f17-ded7-465a-9e6b-9e1ed6b24bb1;1970-04-21;Indonesia;2019-07-04
Devin Valentine;af788bf7-1c15-4b89-8c24-bea7f68cc12f;2001-12-18;Spain;2012-10-26
Plato Mckinney;7a6d0855-5c71-4e7b-af52-0315c740ed2c;2008-09-08;Nigeria;2004-11-16
Hayden Hunter;7806258b-f3e1-40c3-b185-42093253bcdd;1973-08-24;New Zealand;2022-10-29
Abra Hull;5c2f98bf-6802-4c42-94dd-36080b65c70d;1979-05-07;United States;2014-12-08
Cassady Merritt;d9c81db1-8647-4f63-a88b-aba215513868;1967-07-15;France;2010-01-26
Herman Crosby;5cde6472-1e2f-4ada-8e49-3b1156c82e15;1975-10-15;Ireland;2022-03-13
Linda Mays;e0092ca3-7bc7-4909-a04a-a3107f84d9c5;1972-10-11;Russian Federation;2022-05-17
Pandora Bullock;6d22163b-f172-4650-83dc-b4ddd09f0e02;1961-06-11;Russian Federation;2020-04-09
Jolie Baxter;b1bd0438-b234-4434-882b-930f47687d2b;1970-11-01;Belgium;2013-11-15
Madaline Montoya;9ea5cdc6-6201-45f0-bf6a-70b1e2c47540;2001-06-14;Peru;2013-08-11
Karly Fields;de919109-bfbc-4f77-8a2a-eceba06246fd;1970-07-13;Spain;2021-05-22
Ora Figueroa;44d64199-960d-49f8-8b59-4f95baf515c8;2007-05-29;Ireland;2008-07-10
Jared Ochoa;da86f4de-ac3d-46c2-af2c-cec261e6f7d5;2002-02-23;South Korea;2017-12-23
Adria Bowers;bf39ac49-9661-4c72-9d02-9e3afc3002cf;1971-01-14;Vietnam;2011-02-24
Asher Burton;9ed7d25e-ae29-4448-a55c-fea04626825c;1958-05-11;France;2009-11-28
Haley Duncan;928bdc5f-87f1-4be9-b16e-de8ca143d5bd;1998-02-03;Nigeria;2010-04-23
Mason Miranda;65e7636d-3f23-4c0f-9e49-f1a008eb802f;2010-06-30;Belgium;2019-10-21
Brooke Manning;35ae343a-6f9e-44ef-96bc-9431aaa37a44;1991-12-15;Ukraine;2010-06-10
Karen Small;1822ef48-f769-4ebd-aad3-7ff2e4968e26;1989-04-21;Chile;2019-06-19
Colleen Mcintyre;51281a98-40ec-40bb-a2d4-da70874c615a;2007-08-16;Mexico;2017-10-09
Brendan Vaughan;8e23c905-2a0d-4849-bac6-308ecee8e93d;1956-07-19;Sweden;2005-07-06
Aurelia Stephenson;be0fdf8f-a580-438f-a73c-930cc4b0e0d5;1966-05-25;Indonesia;2012-03-03
Dennis Lloyd;27a5b382-3c73-476b-999c-0a913136c51b;1974-03-26;Ireland;2010-05-27
Chadwick Watkins;ee88a5cc-5e65-4719-b1d0-2865aca2bf38;2007-07-14;Chile;2011-06-27
Odysseus Howe;270c0fcd-d104-415e-86b2-ec6c5a99bde3;2005-12-10;Singapore;2015-11-16
Emerald Pittman;0ff61358-808a-412b-abc8-562a3401f8e1;1960-04-06;Brazil;2006-06-30
Caleb Bray;837d49c8-f54f-4321-9ed9-5561bfa1296d;1993-04-28;New Zealand;2005-10-11
Simon Holland;8aa8b1c7-e708-4469-8838-0387ee6e3070;1980-07-26;Spain;2013-05-10
Sophia Fletcher;9b6754d6-9895-412e-b317-e243290700ed;1969-08-04;Sweden;2018-06-21
Daquan James;c89febeb-8f86-4a0a-bae4-75ba1302b145;1968-12-24;Germany;2019-11-17
Bruno Workman;40da8761-025c-45af-b789-25fb2a5261ba;1998-07-22;Costa Rica;2019-03-27
Megan Rosales;9300d2ad-b840-4f0b-a7d5-1de2687dcea0;1996-06-06;Australia;2004-10-27
Neve Anderson;762071c8-2f92-43c1-92ee-2f662104c89c;1972-01-19;New Zealand;2023-08-25
Ariel Moran;8001b563-fdf8-409c-b561-150f17e034d8;1988-05-18;Vietnam;2018-12-26
Lavinia Finch;4b2ed822-0a0e-4184-9d69-01eafe5ec546;1987-01-13;Ukraine;2005-02-13
Nola Church;613d0f68-b841-41ac-bdcf-36e60792587c;1984-12-27;Ireland;2004-10-31
Kiona Rosario;8b192831-f539-44b8-9310-53c49a29f85c;1961-08-15;Brazil;2012-02-05
Daphne Powers;108f1360-c635-4d85-84ef-66ef91eb8ee5;1975-10-29;South Korea;2004-08-12
Orson Vincent;4d104046-c45b-419d-b1d8-ed12673b57a7;1997-01-28;Austria;2010-10-16
Jesse Goodwin;8e39ea1c-f4a7-4302-ac19-596c8225ca80;1960-06-27;Norway;2012-07-21
Skyler Hobbs;7820d317-e151-4202-91a7-0abb2654f9ac;2010-09-22;New Zealand;2017-03-21
Danielle Campbell;502a517f-9c04-48b8-a682-2e0164ce5a96;1979-03-21;Belgium;2010-09-04
Harper Sullivan;e6c5f2ca-b8a4-47d8-81cc-3096ad622363;2009-01-05;Poland;2015-03-23
Indira Lara;38eaa10b-b7cb-4c4a-832e-5e858861a0b2;1974-10-21;Costa Rica;2017-10-21
Drake Lynn;d7c30971-6daf-4b05-819e-c8eb9f61e563;1959-06-19;Mexico;2004-05-14
Thor Meadows;b58237d5-255a-461f-a5a5-bf86ed880c3c;1980-10-16;Peru;2020-09-30
Brennan Black;5ad1fe2c-b74d-4d14-8bd9-10ead53fbc40;1978-01-24;United States;2009-12-18
Benedict Blair;8e5d398d-5f8c-402a-94dd-8bcb7430e40a;1981-02-10;Poland;2008-06-01
Roth Bradshaw;542c68fe-0c8c-490f-85e3-752c2b416d2a;1964-10-13;Chile;2013-02-19
Jackson Maddox;8d8d7378-0b76-4543-a027-8bc86d86627a;2000-07-19;Netherlands;2005-07-01
Henry Osborne;de80799c-62ff-4095-9d51-dafa37818de6;1985-01-20;Pakistan;2014-12-30
Faith Richard;6a048fa9-83f2-4bb6-bb9a-8126241efd8f;1972-08-08;Sweden;2018-08-12
Scarlet Farmer;fba9dec8-32ba-404e-83ec-e6208dcadf69;2010-06-09;Norway;2019-11-14
Evelyn Love;be01ebcf-d0b0-41a3-8013-fe622d5e794f;1964-10-04;Sweden;2008-10-25
Branden Watts;0c6596f9-3b9a-4854-9600-b527cfbe7d2a;1991-07-21;Canada;2010-01-13
Carlos Mcmillan;7d590f2d-2d14-4edd-bfc7-b625f95d4fbd;1979-05-07;Colombia;2016-03-30
Hu Nguyen;4840a9e8-c397-4bab-ba75-d05ebae47c62;1979-09-20;Turkey;2021-09-18
Holmes Fulton;20acbcdc-faaf-4226-aa8a-8ccda0d57845;1962-04-11;Peru;2017-11-09
Nolan Beck;a8b6a396-4b38-4ec2-be51-88a136e098cd;1988-09-19;Netherlands;2007-06-05
Charde Salinas;c0731067-1780-41ba-8f63-51c2a0a5fab3;1955-01-11;Peru;2022-03-01
Charity Sutton;29a927f5-edc0-40c5-adec-1f9edc4655e0;1960-03-03;Vietnam;2017-05-19
Ralph Patton;af614cf7-ca1a-41ba-8132-cf213ca22629;1976-03-06;Australia;2020-05-15
Ariana Stout;1c5f5e2c-b5fa-4dba-a300-155274c30846;1985-03-13;South Korea;2006-07-29
Fulton Oneal;35c4496a-1ab1-4f53-b3fb-5352d927f356;1995-03-01;South Korea;2005-06-03
Nicole Vargas;ae479882-9738-4152-b012-70af4bd95c9d;1955-12-15;Netherlands;2023-11-04
Kimberly Michael;a4bf525c-7967-45cb-8a38-18abe60e03e2;2003-05-14;Nigeria;2016-04-08
Jillian Ellis;d15b6bba-dd78-432a-ac04-40dbb8a6e597;1974-02-24;Singapore;2021-11-12
Maryam Chan;daaee2b9-3ee7-42a5-a61e-1ae78cdc42d2;1971-04-04;Costa Rica;2008-07-01
Isabelle Hopkins;e3ae29bc-98de-4478-a6cf-7a89fb8761a2;1954-05-30;Peru;2014-11-28
Shaine Parsons;728b0881-60b0-4476-8baf-37f2ffc584ad;1992-04-16;Brazil;2017-12-31
Vanna Morgan;5449098c-4033-447f-82bc-0663f8ccda46;1997-10-12;Pakistan;2022-09-07
Devin Dunlap;3ed20434-1367-4ff4-9113-d22cf90db781;1991-05-10;Sweden;2009-12-31
Lacey Brady;3abbded7-8229-4b56-a77d-7bcad2c32566;1973-07-23;France;2013-08-02
Cathleen Lewis;a88549ca-c86e-4c25-bf56-b355f4c0393d;1986-12-19;Chile;2009-10-13
Heather Durham;93f1a5dc-7ed0-4bb4-a156-49e8c602cb2d;1988-01-22;Colombia;2011-12-14
Desiree Lindsay;ff13b7dc-3129-41e8-8971-b6ed64a6bcf4;2000-10-02;Belgium;2005-09-13
Deirdre Benson;fef43831-a875-47d6-9e21-20b68a7b44f7;1967-11-16;South Korea;2016-08-12
Yasir Case;512f2986-ae2a-49db-b906-401fcf45329a;1976-10-17;Spain;2004-12-24
Elton Mack;028eddf8-cab8-4590-9d65-088eb1a82c93;1991-04-27;Belgium;2007-07-29
Yvonne Wells;6f9d903f-10aa-4d0e-993b-1278ad29767d;1987-07-01;Vietnam;2020-12-14
Jessamine Ruiz;beec5331-76f0-4546-ae23-aa1754076511;1965-07-05;Russian Federation;2017-08-26
Ursa Martin;c51917de-30b0-42c5-92b1-9da2a344c128;1983-10-05;Ukraine;2008-07-14
Graiden Garrison;b416ac86-6951-44ee-8645-c205da86ab04;1991-09-27;South Korea;2019-01-17
Lunea Byers;559940c5-0b34-4dbc-885c-eedf9a537115;1983-07-16;Costa Rica;2018-08-16
Paloma Miranda;7e2527de-54cb-4cc8-9e08-1bcae0ef2370;1994-08-06;Ukraine;2013-02-11
Kylan Sosa;0bd9f0c7-89a8-41a4-bb00-e7b9abccdd7e;1967-03-20;Peru;2015-10-19
Julian Coffey;c3d4b478-73cc-4108-ad32-b43d446d92d1;1958-05-01;India;2020-12-21
Benedict Barrett;c07fba19-59b4-4d68-9670-4259d6d50746;1956-01-20;Vietnam;2010-08-15
Barry Burnett;d2edeb96-4ef1-4052-acd8-e4de2564d6f4;1975-12-25;Russian Federation;2006-08-14
Sandra Baxter;9f03b151-9a87-468e-bf29-342d4fd96ee5;1971-06-30;Nigeria;2009-01-27
Jeremy Webster;03f72073-7987-4d7d-bc3a-b89583e3b077;1973-09-20;Nigeria;2006-11-16
Nyssa Weeks;85a94a7b-8307-4d51-88b6-bf2e175f5fa2;1961-05-13;Netherlands;2021-02-02
Carly Hartman;61d3253b-f129-4622-90d6-9949b0fd2fb9;2009-06-15;Ireland;2005-06-06
Barry Allen;a4d52477-b6e6-4c58-88b9-506872d230af;1959-09-15;Brazil;2019-09-04
Maia Vincent;e38431e7-42b7-4048-b965-e64ec29d380c;1972-07-05;Australia;2021-10-19
Veda Kelley;29702cba-13d2-493e-acb8-b9ba326b5b15;1967-03-05;South Africa;2022-09-28
Meghan Bullock;49542946-f488-4d07-b6a4-aebe53b9cb17;1964-09-28;United Kingdom;2022-02-08
Andrew Bryan;2bb4e910-adef-4320-bc00-5e2bc94b6c37;1990-03-29;Mexico;2014-09-18
Maia Cantu;b5f34e07-14c8-4575-86c4-770cb15d938d;1964-06-28;Italy;2018-11-15
Amy Harris;7e27135c-8ea1-4d97-b245-488591c6de6c;1958-05-06;Poland;2023-09-19
Olivia Rocha;f9b9b949-7144-429f-bafc-d1d1fca0b7f3;1989-12-15;Costa Rica;2019-12-27
Raphael Puckett;58ed0a5b-0ce9-4b1b-a985-f13cc7661697;1978-02-13;Netherlands;2011-08-14
Kathleen Puckett;8190f977-4fad-4f1d-8b47-6f8483303829;1974-06-20;Austria;2022-10-11
Wylie Franco;9ca5afbb-d57d-4970-b1fa-68504f66b493;1958-05-09;Ireland;2007-09-03
Teagan Combs;ad2899d4-0b2d-4ba4-ae53-4790b41b74ce;2003-03-11;Indonesia;2023-08-15
Marsden Blevins;0e17004a-fdbb-458c-b26d-79f1a37370b2;2003-02-01;France;2010-10-01
Isabella Mckay;84cd23f3-51d1-43fe-8a65-860eee825391;1992-04-09;Ireland;2008-01-27
Castor Anderson;c40028af-46c6-40da-b85b-c07960cc740b;1957-04-01;France;2019-06-05
Rafael Odom;53f49d5e-5777-4452-95f6-ea8f83b943d4;1999-01-02;Peru;2012-04-06
Dawn Shelton;d0cc9af1-af57-4ddf-bb24-6450a2c2aa4e;1999-02-09;Colombia;2020-04-07
Alyssa Stein;53c694ca-404a-4a75-998a-ce201ea175c1;1993-04-22;Philippines;2014-10-28
Barrett Noble;9d5e6498-c4b2-4bd3-b12b-b2bf0a81bc20;1992-10-28;Netherlands;2019-11-17
Adena Cabrera;bbe8ff28-44e9-445c-bb62-dcde4311cc79;1996-11-03;Netherlands;2018-03-23
Lana Daugherty;758c34bd-7319-43fb-876b-20d0853b807f;1970-12-25;Sweden;2020-05-25
Raphael Meyers;53d12f49-9597-4235-9703-09408b8dbe0f;2009-02-16;Philippines;2009-05-21
Imogene Fuller;5480cfe3-a35c-471a-abd2-9bbf5fc3f771;1975-10-12;South Korea;2022-08-01
Graham Mosley;37cccded-e01c-419e-bd0b-9244fd2fe7a5;1971-01-13;Peru;2004-04-26
Jesse Schmidt;3edf94cc-cf8c-4e00-a3e4-eda285f93168;2003-06-26;Colombia;2023-07-31
Sean Collins;db3ee7c4-c829-4c60-aa9e-2c8f93127ae4;1996-09-27;Singapore;2005-06-15
Moana Gamble;c3898816-d451-45dd-90a7-a419a75b845c;1979-11-27;Singapore;2019-08-24
Cleo Kidd;edc5d76c-9f26-479f-92d3-06641913feaf;1993-11-16;Australia;2013-09-30
Chaney Dillon;780e1a0a-2748-4219-8d28-b387e21cac9e;1975-11-06;Canada;2010-02-12
Heidi Ellis;1f6a0bf3-ba59-4df3-a3d4-63f1951a5ec8;2008-10-19;Nigeria;2010-08-18
Portia Mcmillan;35eed582-082f-4d6b-9183-9fb786f8384a;2000-05-18;New Zealand;2005-07-28
Kitra Knox;7821073d-5265-409f-8874-ef6c889c3992;1996-08-31;Peru;2011-12-23
Alfonso Faulkner;1974a263-1d48-41f9-8952-2bf6ebc3c1be;2005-08-27;Mexico;2016-03-18
Angelica George;6f1784c8-31e6-46a4-a9a0-cf77dd2cb24b;1997-11-30;Norway;2017-01-08
Latifah Solomon;7fe05fe0-2a97-4b3a-a7c7-6feae761fcef;1957-08-16;India;2013-10-14
Melissa Lopez;42b9164d-85de-458d-adb8-adf8095727d6;1958-09-03;Brazil;2017-10-31
Quamar Roy;6d55ad17-58b6-4295-8eb3-6c2219a4b85f;1967-05-02;Norway;2016-12-28
Yuri Kinney;3a0374b3-4678-4316-a3a4-d38d2760b661;1997-03-28;Germany;2005-07-19
Alan Beach;376c10dd-32c7-4a08-88e4-cd02d7c92693;2001-03-24;Italy;2009-03-31
Winter Hampton;6c488d25-539c-46cf-ad1e-2e078f29923b;2008-04-21;Singapore;2012-07-04
James Cannon;8fda9a26-f434-4553-b433-450f0e2e01e1;1957-05-02;United States;2019-01-28
Reese Wilcox;4abe2220-de22-404e-9e62-89903b499c53;1956-06-13;New Zealand;2010-10-10
Imani Romero;05631927-8cc5-4e88-be31-6d369c212824;1977-04-19;Ireland;2010-01-11
Jamal Shepherd;501af41c-a8cc-4561-abae-7ec08df97890;1982-12-04;Colombia;2006-12-13
Lee Snow;f502d263-db5b-42e5-b3b8-23b0af84d50e;1996-02-24;Vietnam;2022-03-16
Cyrus Duran;e3b56f9a-fe64-498d-9dd4-af8c5e79b5e6;2008-08-01;Turkey;2017-05-22
Kamal Talley;4def5ae8-f4bf-4a91-9539-8deae3f4012c;1956-09-23;New Zealand;2019-02-08
Pamela Harvey;a6ca2ddc-4d56-4308-b8f5-4692485971c5;1968-10-10;Mexico;2018-11-27
Craig Mccarthy;9d8909d6-188b-4893-aad4-271917f0c306;1999-07-21;Belgium;2022-09-13
Emerson Jackson;5589c86f-0673-4034-b973-789ea072dd18;2000-08-02;Singapore;2009-02-17
Thor Vega;7bd1df35-8ab7-4c56-b4a2-40eab7b72291;1977-07-28;Chile;2014-01-15
Adam Cabrera;22f48f9f-4d9f-40b2-b140-abde9f3cc202;2010-02-10;Germany;2023-06-22
Rebecca Simon;f31f0030-89ed-4cbb-8e3d-04a99aa816cd;2007-06-25;South Africa;2008-08-26
Aquila Stark;7441b4b6-cee0-45ba-94ec-81d61a6fe72b;1964-03-05;Australia;2011-08-17
Xavier Hartman;c0ec6923-170e-4d7d-b407-4a168cabfba7;1991-05-18;United Kingdom;2022-07-19
Courtney Porter;6cde85eb-c89d-418a-8102-0ca82b89f62f;1975-01-31;Ukraine;2013-03-25
Dorothy Park;869f2b6f-9074-4f46-967a-549dd4f8e85b;2008-06-01;Russian Federation;2023-08-16
Clarke Davenport;aa393a44-6532-4be7-bb4b-6a915bd06895;1957-12-23;France;2021-12-28
Neve Hinton;4686169c-0059-4bf2-a4fe-3886c8592028;2007-08-23;Norway;2021-10-25
Emily Price;78e3d48a-7004-42aa-b78e-837a76e14020;1977-11-23;Ireland;2016-10-24
Karly Kent;bc7d5692-d987-4a9b-9d90-054662d3cd54;1965-03-30;Costa Rica;2011-03-15
Boris Dominguez;0e457382-d62f-4f87-945e-50f6baa5308e;2007-07-07;Nigeria;2005-06-25
Erin Whitney;b44f0e96-0d20-43c1-ae39-862a605d8388;1990-05-14;Nigeria;2016-02-16
Bradley Meyers;19939c76-7ae3-40e7-ab10-dc7f936e9c47;1989-07-22;Russian Federation;2006-08-29
Abel Downs;e88f3f2d-f324-4ac6-b1d9-ad0923cc18f9;1984-10-15;Colombia;2010-05-17
Walter Nolan;a45e02d0-f377-4f0c-970a-d19a475a36bc;2010-09-01;Belgium;2013-10-26
Ifeoma Bailey;c97f888c-0d46-4ad9-a132-9cd87967f0fc;2007-02-19;South Korea;2015-05-04
Quemby Case;1ac9f07f-41b0-4e4e-817c-65e4f830733b;1963-12-23;New Zealand;2009-01-02
Isadora Collier;bf310623-9bef-420b-9cdb-4d8e283a271c;1985-11-25;Mexico;2007-05-23
Lars Barron;234a4bc6-eaa1-49b5-8549-af4354bb0268;1979-07-04;Austria;2022-06-07
Bertha Rosario;bcf4c1bc-1acb-44a4-b368-4c930c4a1422;1982-05-08;Mexico;2019-07-14
Denise Larsen;43d32364-1d8c-4bd6-af2a-4ad717b05c06;2006-12-13;Russian Federation;2018-06-08
Samantha Weaver;1d420bc0-8911-497f-a913-d4687a13be0b;1974-03-22;Norway;2015-11-13
Clayton Roberts;7a9a7b14-fb63-499d-89ae-f155008b2927;1974-11-14;Turkey;2006-05-26
Hoyt Goodman;95af0ec2-c94f-4d84-b59b-07b17256bec6;1975-01-28;Norway;2010-11-15
Xavier Henderson;93a1a60c-d2d7-44f5-ad19-36e183039883;1979-07-02;Russian Federation;2009-03-13
Keefe Morin;8c56fa25-7a3e-4369-a8b4-65760b53bebd;1988-03-13;Philippines;2016-11-24
Sierra Guerra;24b1c1a5-0d98-48cb-8265-b985e455d66f;1995-10-31;Belgium;2012-12-06
Daquan Ferrell;6e270b0a-1b41-426e-a297-7a658f98a31f;1968-08-19;Indonesia;2010-10-22
Hammett Mcguire;c16bb72c-7f81-47b7-bbfc-712161b10919;1991-09-03;Poland;2009-04-06
Cameron Mclaughlin;fc0dcf85-602c-4db4-bbc5-5d4b4add7026;1992-10-25;France;2011-09-11
Bree Banks;6860c3b2-fa12-4b48-a2c7-2c3949391183;1962-09-01;Mexico;2018-02-17
Lana Hudson;0e08b798-c944-4b2e-bf49-0f6c72cfa966;1979-04-29;Nigeria;2010-02-14
Jarrod Vasquez;3fb6503c-f7ff-4d09-8969-abd3ca21d84d;1960-02-21;Germany;2004-12-15
Shad Ayala;9e884450-6001-4e5c-95df-2edfbb5ffaa9;1975-03-20;Mexico;2012-12-02
Yoshi Buckley;8c00141b-935e-4a80-9930-333408aaff92;1956-01-05;China;2017-11-25
Mariam Harrison;5bffd8c8-ae90-44d9-b594-f914e0effebe;1996-06-13;South Africa;2018-06-07
Leilani Stein;49df41fa-277c-461e-9dda-e452aab13c30;2006-06-12;China;2011-01-30
Serena Palmer;602116ab-9f27-4d12-a118-db88b2e2ceef;1969-06-25;Sweden;2014-10-15
Thor Cooke;6d5a5227-3cf5-4247-b2db-425679a89f5c;1968-04-29;Norway;2020-09-30
Brenden Battle;2cb69936-d05a-4841-9e38-ad669ca436c1;1970-10-04;Netherlands;2006-07-18
Rama Stuart;af9d5429-4987-4ee4-baf7-102e4eb8e15e;2000-04-15;Mexico;2010-07-09
Hanna Foster;4b2ed5c4-538b-4546-b0e0-6043eb44a32c;1979-06-24;Indonesia;2018-07-17
Griffin Whitney;32bde2a2-7de6-46b6-bf8a-4c2b41e8db9c;2008-02-29;Austria;2007-03-04
Paloma Kirkland;83b9fbab-4f1c-49f5-a133-34e82c0bf01e;1997-08-20;United States;2021-09-02
Cameran Cain;93916c74-c7fc-4505-acf4-323ddce20e7a;1991-05-06;Pakistan;2010-06-03
Bertha Morse;3538aa68-cb64-4515-ad79-46a95714dee9;1954-06-01;Pakistan;2015-10-30
Jared Gibson;d202f5a6-fbc1-44cd-ae28-59a49680d2e3;1985-03-21;New Zealand;2009-11-23
Stella Harris;bd13a6b0-b6ee-4f5c-9a40-dcb7e8b0e5c1;1956-08-10;Austria;2010-12-22
Maisie Ballard;04e2da6b-1b4a-4f28-8669-9bfc1b61a8cc;1995-03-26;Ukraine;2010-03-27
Cyrus Flynn;cb70e631-07a3-4de9-9471-9addf991ace8;1967-08-22;Canada;2004-07-01
Daquan Cooley;7ff9e0f1-5cff-4fbf-bb79-7f317061ee7b;2008-04-15;Italy;2023-08-05
Anjolie Harmon;44a2d27e-ea4f-4022-8042-704c1b326109;1988-08-12;Peru;2021-06-02
Brett Vinson;acabe88c-4648-4664-86fc-de0b51d8095c;1955-02-20;Costa Rica;2015-01-03
Desiree Rush;ff4e2458-7091-452d-b007-fa087bb306a0;1964-01-21;Mexico;2022-01-01
Oscar Donovan;7174066f-146b-44eb-b6af-78c69b381588;1992-03-24;Nigeria;2004-06-12
Simon Cooke;7351124d-b46a-498f-affd-3d12e04361ec;2005-08-26;Peru;2010-12-13
Hayden Hamilton;8b5da78f-e27d-426d-9709-c2483abca45f;1966-03-06;Indonesia;2016-11-01
Desiree Beach;db10ab4d-afe3-4524-818a-0d061daeca97;1981-03-17;Mexico;2009-11-07
Allistair Lynn;f1a7ec06-a3c3-4c7f-812a-1610f4bec78d;1997-05-29;Ukraine;2009-07-15
Amaya Richardson;ec6d43c3-aa6f-4c99-a051-a3a0b3560457;1960-11-06;Vietnam;2016-10-01
Colt Horn;cc1cb8ee-d5db-46a9-bef1-83b674533984;2005-01-05;Sweden;2017-04-17
Samantha Kidd;1e0c8cfc-7d0b-446a-9694-10ffaf60581d;1982-02-11;Colombia;2010-03-27
Olivia Love;8ad69555-6f13-411f-9ce2-ac11b519eb9a;1968-09-19;Ireland;2023-09-20
Marny Maddox;e582a53e-d45e-42b2-aed7-d699425aa061;1961-05-12;Ukraine;2006-11-14
Ruth Workman;975c6788-d64a-4e2f-942a-95748a2c3823;2006-06-26;Australia;2004-07-23
Tyrone Sharp;e7de6910-3175-4bd6-897c-eefbddffc1c8;1961-08-15;Austria;2022-12-07
Aretha Carpenter;44a092d1-06b7-4497-b6b0-1162959376ff;1956-08-16;Indonesia;2016-07-12
Eaton Higgins;5ba0ca03-2514-4681-acf4-d431b9556727;1993-12-24;Mexico;2006-06-11
Britanney Hardin;480be794-086a-4679-92d5-4394575581c4;2002-07-08;Belgium;2012-05-07
Blaze Daniels;a0443f67-72ab-4a1d-a788-208b8e78f2ba;1971-01-04;Costa Rica;2015-07-10
Glenna Benjamin;9644e370-5ff9-42e1-aae3-1c1da8ad1707;1998-06-07;Brazil;2011-07-11
Buffy Sweet;51c5029c-7e59-438d-8e68-1e4cbafd821c;2006-01-30;Belgium;2012-10-05
Desiree Heath;837df62f-4f98-4028-a655-84f03f66061b;1987-06-03;Costa Rica;2019-12-06
Hector Stark;9551d0f8-214c-408e-90e3-f239d2aa44d6;2000-10-17;Australia;2021-09-10
Addison Valdez;6481eaa7-4f9b-4965-8629-5cfa145525cf;1996-02-22;Indonesia;2015-09-11
Scott Mercer;7c0c7aa3-c630-4583-a36c-86655d844b6c;1982-03-07;United Kingdom;2006-08-27
Ulysses Ramos;8ee82671-f72f-46af-84ff-43812f7176e6;1984-05-09;Chile;2010-08-20
Jasper Woodard;4bac7bf8-b050-4f8a-8de0-55461bb3b3fa;1998-04-04;Pakistan;2007-04-13
Orla Perez;1a3f13ec-d44d-45ad-a330-732e35dce5c9;1968-06-21;Spain;2008-08-02
Gavin Downs;589c95ef-c84f-42c1-98bd-7060c9a1c204;1977-07-10;South Korea;2017-03-14
Kermit Knapp;8c7528ab-e39f-4b59-a978-a56c0727814b;1998-12-10;New Zealand;2018-01-16
Beck Adams;fc260bbf-b7a5-435a-99f2-6d993c2967e6;1990-04-26;Italy;2007-09-12
Tallulah Patrick;0a57aff3-5358-455c-817a-b0d7d51e5001;2002-03-02;Ireland;2012-06-25
Ivor Chambers;2e2f669f-2c71-4171-af3d-32020b8404a2;1993-08-23;Austria;2007-08-25
Bruno Larsen;393d5bf0-9e2a-4685-9ce4-bba9bce8572c;1973-07-10;Turkey;2013-03-17
