facebook;birth_date;name;nationality;register
08c4c75c-0a38-46fb-9960-4b4e81fd00f6;1991-05-23;Lawrence Curry;New Zealand;2004-06-07
651e82fc-664c-48f9-8b62-b99f476c2121;1959-05-05;Elmo Key;Mexico;2004-09-24
257bbd88-1576-43d1-9870-7b7ee1410cb8;1995-10-13;Ulysses Lott;Colombia;2009-04-30
17f7f07c-d323-433f-bd87-1855b811f1d9;2002-04-04;Xavier Dunn;Ukraine;2023-06-18
3f955ce7-1df5-43aa-9f48-a7a381d9d8df;1963-05-13;Uta Hodge;Philippines;2019-01-02
cf184a9f-b13d-402c-9c56-1783c064ab53;1994-08-13;Carly Owen;Vietnam;2012-08-04
9acc9d9e-844e-4cb9-a029-886dbc5eb47c;1989-04-13;Boris Galloway;Netherlands;2022-10-10
9ebd9f97-5839-4822-a087-900410d44925;1959-10-07;Maite Chan;Netherlands;2009-06-15
d78f05d7-ae8b-41fb-9c74-7dded86155ea;1965-02-11;Ezra Franklin;United States;2008-12-28
e8cadd76-894f-4d9e-a443-8e33ba01c68b;1982-09-08;Hanna Mcintyre;Russian Federation;2017-01-09
20b07710-1859-4848-9087-b9789f3943ef;2000-10-23;Adrienne Burnett;Norway;2023-05-27
834f01b1-6e57-4d0c-a5c4-cfe7213593c2;2003-07-28;Zenia Boyle;Vietnam;2010-09-25
59025fc1-b136-4acc-910e-d03109f36fa8;2005-11-03;Ulysses Hickman;Norway;2007-10-25
7bd0611f-8036-41ac-b28a-5beb813644e2;1997-07-17;Daniel Calhoun;Turkey;2022-07-13
c7245684-5477-4f6f-8605-16f7141b32cf;1965-09-12;Basil Beach;Austria;2009-12-08
c9d4ed7a-67f3-4174-98c4-b5a7053a0583;1989-10-31;Ezekiel Rowe;Mexico;2021-07-15
62051163-d009-4ef5-abee-7bc68dc24f47;1970-10-31;Candice Atkins;Italy;2017-01-24
1eeed33f-5679-4da1-a473-be73c355bced;1995-08-23;Genevieve Leon;New Zealand;2012-01-13
4fe5691e-aa3e-45ab-b4e9-9cd8da41e645;1985-08-11;Lev Kelley;Chile;2006-05-15
092a38a1-eeb9-4be2-b8a8-fe85ead62fec;1960-06-22;Lamar Mercado;Chile;2007-02-18
93b327c1-f47a-4c59-ac7e-300760047d8e;1986-03-25;Sheila Oliver;United Kingdom;2018-11-25
219d74c0-e8e1-4aba-a928-1b8302bc964d;1991-05-29;Axel Wood;Vietnam;2018-04-03
c199e072-db79-45fe-8d1c-cf1b35facdfc;1967-10-26;Lee Dunlap;Germany;2009-03-22
d31d9858-88b7-4442-997a-acaaa6f48d49;1967-03-02;Reuben Jennings;Germany;2008-01-09
04af1ddc-c559-487a-b501-b5701a7cd27c;1962-11-30;Hedda Cooke;India;2004-05-17
8f95dd72-86ee-4a8f-8b79-e567aa56aca8;1974-10-04;Victoria Neal;Indonesia;2015-02-02
2ddc368e-c085-451c-8712-c5a46bf7bcf7;1955-12-13;Abel Allison;Austria;2011-04-07
218dccdb-bfce-42bc-aef6-e5553e7ead6b;2010-05-19;Harriet Bush;Italy;2006-03-08
dad2521d-8179-4218-89a1-137950c47e47;1969-09-25;Cooper Benjamin;Poland;2015-09-10
1b9acc33-8f61-44a3-9e91-31e7e862e650;1965-12-05;Gage Gates;Indonesia;2016-01-24
3fa85db4-349e-48bf-84a4-729f48a3deed;1957-08-11;Jeanette Hodge;Brazil;2012-05-11
d28b2ab3-1b17-4417-9b5b-3c9f62893ccb;1993-02-11;Luke Strickland;Colombia;2006-06-10
3e30a77a-95bf-4274-a080-a841d2a1a658;2002-11-30;Malcolm Hoover;Turkey;2017-10-16
6f48933d-634a-474e-be27-fbd40ec63d05;1957-05-10;Tatyana Johnson;France;2014-10-01
b756be3f-4159-4a2b-848d-79512e25c0fb;1974-05-18;Jack Watkins;Spain;2011-08-14
42247b22-851e-4daa-91e5-3a68bd274768;1968-08-23;Rylee Lloyd;Australia;2014-05-25
e2baa5fe-9b95-430c-bd96-abcba79b3d02;2010-07-09;Xanthus Woodward;Turkey;2015-09-07
2360a544-c64b-4ec4-8e07-64f613b1ccb1;1983-12-13;Leslie Nicholson;Australia;2008-06-14
9a4335a7-ed23-4fa1-8ad0-92880f23de94;1977-08-24;Lucius Parrish;Nigeria;2016-09-09
60e4db19-b2b2-4e15-8f6c-110a9fb6bbc6;2010-09-02;Mara Juarez;Germany;2021-06-01
8c3ab534-9910-46ff-b2e7-700141084a70;1970-11-30;Zachary Palmer;Sweden;2016-03-27
aae92a7a-609f-4b4a-ab52-181206a8b69c;1997-12-04;Rhiannon Lyons;Chile;2012-07-25
50cfe6f7-9eef-4d6f-ab81-2a6e73bdd35f;1957-12-15;Carter Bryan;Canada;2009-09-16
7373be08-ac8e-485b-8488-85778b9d46a8;1997-11-14;Hu Mason;Canada;2020-11-23
dfd09c5f-f0d3-4dbf-bb19-9f6aec2866e0;1969-09-16;Connor Christian;Pakistan;2005-08-07
3134a9de-fb97-4590-a749-8f8fb56d625c;1964-03-26;Lunea Chen;Norway;2020-01-09
c0a5ad06-22b5-479f-a1ac-e9751ed692e8;1983-01-24;Timon Stout;Peru;2009-03-10
046358cf-0afc-418c-9ef2-3bd49431f070;1961-01-16;Halee Jacobson;Ireland;2021-10-22
95aecb25-9c35-4c0b-b78a-ace23807015d;1959-01-27;Callum Barron;Germany;2019-12-07
e4bfdcf3-83de-4823-ab52-3ea9a85df299;1955-07-30;Chancellor Jennings;Pakistan;2016-04-18
70393144-dc08-486f-a8df-196b15f4d0ac;1966-04-06;Stephanie Pacheco;Philippines;2022-08-10
d669dbf6-a091-4d73-821f-4f9f2088551a;2009-05-05;Jessamine O'brien;Sweden;2015-11-03
d97759b4-4507-4fed-89c1-01472f15cab2;1969-01-03;Ryder Wood;United States;2018-07-14
881533e0-2e43-48cd-b190-67dd800c3021;2004-02-08;Odessa Travis;France;2009-04-12
a38b2f32-29ec-4d2d-a398-f55c3896c62c;2006-06-13;Gretchen Mcknight;South Korea;2023-07-02
927054ce-0d40-43c5-9ade-352c5dce7052;1975-04-23;Samantha Landry;Colombia;2013-08-09
e8c3b869-47be-4cb6-abb5-4a9ff5598a35;1992-03-02;Amity Ortega;Chile;2007-10-09
a14b0bc6-500b-40cf-8a8b-58d4d365d74b;1966-05-19;Elliott Wilder;Canada;2021-10-19
f268825c-8f2c-4eb4-9f79-567e118f479d;1955-01-11;Maisie Hodge;Turkey;2004-07-18
58629acc-9c48-4075-84e7-dab81b07b959;1961-03-11;Stone England;Spain;2023-01-07
62f6b5da-f011-4c1f-9931-c3e4fd570c0a;2003-07-30;Joel Justice;Brazil;2009-03-08
14441f26-c87d-40c4-b7ac-bb09060ac2ec;1962-01-25;Vaughan Howe;Canada;2018-09-06
b40c7b95-cf0e-4067-a623-d8f21e4a8062;1955-06-10;Avram Callahan;Poland;2013-07-13
aa6e1f8f-119e-4fd0-bbce-c90fbfd7a1be;1969-01-29;Amelia Irwin;Austria;2006-06-10
ebae861f-8be3-4669-b959-9c5b828cd71e;1996-12-12;Igor Mcfarland;Australia;2012-06-06
c92a560c-9c8e-4dc0-83d9-73c7a817e78b;1992-05-28;Nyssa Greene;India;2007-10-03
64a66f06-8f0c-44c3-a435-aab56eae137b;1987-09-24;Violet Gordon;New Zealand;2010-01-01
a101cd52-e46a-466c-9343-b343a9283ec4;1989-08-11;Abbot Potts;Brazil;2008-01-21
4d0b8abc-061c-4289-8a5e-3b14212cc8a7;1984-06-22;Daphne Meyer;India;2019-12-03
c85832fa-4d32-477c-8e0c-8e56817c160a;1977-11-20;Denise Johnson;Vietnam;2007-09-20
9dde4f73-37b6-44b3-bd32-d30549fa2fbe;2006-09-25;Felix Parker;Italy;2018-06-21
b916c8aa-91a0-42a5-86b2-af2e9904d253;1980-01-22;Griffith Weiss;Germany;2019-07-27
3ade0559-8280-4ecb-b177-60fcb24e7165;1956-08-17;Cheyenne Davis;Philippines;2011-04-24
4828bfbe-7230-4718-b7ee-21dfbe63e653;1977-09-19;Joseph Reilly;Poland;2012-04-30
75ba8dda-38ae-4b15-90d0-a5d3152d7a30;1981-09-25;Phyllis Valenzuela;Australia;2017-02-15
1e1fba9f-4ca4-457e-8f13-8ea7a1d7ac8e;1973-10-28;Aimee Hopper;Mexico;2012-11-25
e6155a48-4b12-4226-8ba6-8772c43b32b1;1995-12-28;Cruz Doyle;Brazil;2014-07-06
8d37539d-a6f8-4d55-9218-734d060f2837;1971-01-31;Selma Gilmore;Costa Rica;2013-10-30
1dc32651-7e52-4919-a54c-835660d05132;1975-08-09;Faith Bray;Turkey;2011-06-26
53f3042a-636e-423f-9545-3335c210c55c;1957-12-27;Vance Mendez;Nigeria;2019-10-13
cb18693a-c08b-4b9b-a53d-508b83118f20;1986-01-13;Ferris Willis;Netherlands;2004-10-18
9adc530c-2dae-4d54-b3f4-4855ed0c523e;1965-08-02;Denise Donovan;Vietnam;2006-11-28
2ca090ff-a923-4992-abe4-0ee7d02465e6;1989-11-12;Dorian Gaines;South Africa;2020-07-11
0437e536-a0a6-4faf-8d7e-60ff3747bf6c;1957-01-20;Katelyn Lawrence;Philippines;2010-06-01
425bcee6-fca3-47b4-bc22-e180e10aa482;1984-05-21;Melinda Mills;Brazil;2012-01-01
0434a80c-d0de-4648-b1e2-cd08d64521d0;1985-05-11;Lacey Smith;Belgium;2009-02-19
aeee04db-66a1-40da-a606-b54e66d54e50;1999-04-15;Aladdin Buchanan;Ukraine;2005-08-30
c3638c23-3869-4aea-a52f-1c13eb29d3f2;1977-10-19;Bethany Mills;Philippines;2019-05-18
09c5ddaf-edec-49b3-84f4-24f6db697455;1954-06-18;Nelle Meadows;Germany;2019-06-08
bd4702c5-bed7-495c-9de4-e1cfcfd94c5a;1962-08-28;Kay Chambers;United Kingdom;2008-02-13
6443f4aa-f425-4a71-80cf-73b648939d91;1997-11-12;Raja Mcdowell;Ireland;2006-12-21
dfc0d3ee-5f3e-444f-9dc2-113289070cb1;1961-02-11;Ivor Zimmerman;Nigeria;2020-01-25
3277d7a6-86c5-4abc-8a98-40df8c16616c;1991-01-30;Barclay Terrell;Germany;2008-10-13
50870d42-807e-4613-8a07-c30d3a61a27e;1955-04-29;Vielka French;Mexico;2009-07-29
522016bc-e132-48b9-a4d0-3cbd6fbb42ad;1976-03-01;Olivia Burris;Singapore;2021-05-07
d72395e6-be10-41c6-b282-ad023da9456f;2007-06-29;Veda Melton;Ukraine;2014-09-22
f9c55981-63c1-42f8-a775-6d14b16c16b4;1958-12-29;Petra Glass;Ukraine;2023-07-08
852484e2-2b3a-49ab-9d47-f30769804d0b;1986-05-27;Portia Tillman;France;2013-07-10
980077c8-752a-4e47-a111-c0e3fa28a0f9;1987-12-19;Elliott Terry;United States;2005-05-06
e78d5e36-9627-4809-8f39-10871b8a3d97;1960-02-21;Naida Rosales;Vietnam;2005-09-24
36fe5bad-836b-4a8f-b1a5-3191fae110f5;1964-12-08;Vaughan Payne;Singapore;2011-05-15
36e80658-08b6-4841-8b52-9f67d5a51398;1976-09-03;Maisie Conner;Indonesia;2010-06-19
e2ea7cb6-331c-4284-bf5b-0abb214f1da9;1970-09-05;Zeus Mcmillan;Mexico;2012-10-28
6be6cd2e-aa57-401a-b4be-b50a36bd6d35;1992-08-20;Blaze Shelton;Chile;2011-02-19
0178bb2e-ab1b-4cd6-ae21-d6e3a4335079;1976-07-29;Joy French;China;2014-06-26
adcacb6a-bb08-4a4b-98de-7115b489ee42;1978-09-16;Isabella Schwartz;Poland;2013-10-27
56a1ac3c-a576-4b93-b12b-8242260f1a52;1958-08-08;Curran Aguilar;Ukraine;2018-11-16
29b843f2-f3d9-4d02-9d59-389fda7a1ea6;1978-07-29;Jescie Schroeder;Brazil;2012-12-22
b52954d1-7718-47e1-bc37-3d9c02a9a874;1978-04-23;Vernon Boyle;Brazil;2004-09-29
903489ae-c7cf-4372-a308-734e2b15abe7;1967-06-09;Dustin Francis;Netherlands;2016-08-28
98df7284-b8d2-49fe-9315-90b089eb81f3;1972-07-20;Silas Fisher;South Korea;2015-08-11
9e8be9d5-f6a0-4abd-8eff-b2284a7e32f2;1973-04-02;Phoebe Forbes;Ukraine;2010-06-13
65aae054-5785-4faa-bc48-ed11e579237a;2009-10-20;Cameron Johnson;Ireland;2018-10-29
31582d13-237b-415c-a70f-2919df332998;1993-03-20;Hiroko Brock;India;2020-01-02
1ff2f3e5-2d82-4016-b1b2-5562fe7a6661;2000-05-11;Lara Strong;United States;2021-04-20
77489b65-44c7-43a0-9e7a-68023765be1c;1968-04-10;Drew Walton;Spain;2006-03-09
5dc78f2e-4326-4668-89f0-6a058d71c8b9;2006-10-18;Zena Bright;Australia;2019-08-20
e4332346-3654-4013-b84c-06fc62672311;1978-06-13;Macaulay Burch;Philippines;2008-06-15
8253d632-e1b5-4c64-bd26-0580157c51db;2010-01-18;Buffy Wood;Poland;2023-10-03
295ba797-1e04-4587-8966-f08e949f4ba5;2006-04-20;Branden Collins;France;2015-06-20
da795324-d07d-4a56-bc99-745b386307b2;1979-12-21;Denton Holmes;Norway;2014-05-21
e7cc934b-80e2-4350-b038-e32c9c63ea2c;1967-12-16;Allistair Atkinson;South Korea;2008-11-17
1840ad76-d1db-4af8-83de-33df92f0b8c6;1978-10-01;Jonas Whitfield;Peru;2004-10-28
6a5d78ee-619d-45ba-80c3-3b3767ffc424;1990-05-31;Chadwick Daniel;China;2020-10-26
0bf0440d-0b7f-4c4f-b3ae-1469f6095ae0;1967-03-21;Ivana Morgan;Costa Rica;2017-01-21
e86f9cbf-12dd-4e98-8754-e6bcb0461b74;1969-01-27;Ciara Berger;United Kingdom;2019-08-31
569bd2e3-d1d4-43f7-9ed9-8e1ca797013c;1964-10-11;Clementine Singleton;Austria;2007-09-01
96e28b2b-a6fd-4595-a462-511e0382ad01;1990-12-04;Justine Ingram;Indonesia;2004-09-27
6175e871-72fb-4eb1-a5b2-f50ce656eaa3;1966-07-15;Guinevere Flynn;South Africa;2008-11-19
8e8d3555-7f17-4560-a8d0-c7212290eb5e;1965-01-15;Keane Valdez;Australia;2007-01-16
84851167-97c7-4624-8e98-f5c42248263b;2003-01-20;Simon Wilcox;Norway;2010-06-10
d0b9ce26-6aba-457c-8d38-1c58be4a42df;1961-05-29;Nigel Carter;Germany;2021-10-26
40e45a2d-40d4-4d83-ab98-0e4621910480;1970-10-29;Gary Fuller;Colombia;2008-12-07
8c4a635d-fbe1-48fa-b1a6-0df45c8ab42b;1957-11-01;Mona Pearson;Nigeria;2008-01-25
6dceb80e-4981-4816-b644-50cdd2576333;1987-11-08;Cade Whitehead;Singapore;2012-06-30
3faab684-3bf8-40b1-8eb6-ce7a688513bd;1984-09-26;Ivory Browning;Mexico;2016-11-27
da602bab-3bef-4e08-ba86-d56d550b1e93;2001-03-18;Todd Roberson;Italy;2006-08-24
80bff9fa-6423-43a9-a03e-363c309de3fe;1995-12-20;Otto Roach;Sweden;2008-02-04
9fcdb936-3b4e-4cde-8fbc-6ec4d64989a4;1999-05-24;Isaiah Harding;Singapore;2018-10-28
deabfe45-e4b4-45c1-a2f4-94c6c0cf1d76;2004-06-16;Bert Cantrell;Vietnam;2014-08-26
e5ffa761-3859-432e-bc9c-4955b5695c0a;1997-01-28;Ronan Foreman;India;2010-05-07
c7388ddf-3a55-4eca-98da-82073e530260;1968-08-24;Jaden Acevedo;France;2019-02-19
12618922-f68d-4faa-be9a-ae3c7f205d41;1984-12-12;Howard Baird;Australia;2018-05-01
5cf0ce66-2972-4db3-b62a-3a26093fec18;1990-12-07;Nehru Garrett;Peru;2010-05-30
8a17db78-9afe-4caa-86d6-cdb9d5ae6264;1977-10-21;Velma Stuart;Ireland;2019-11-04
9b1d07be-6b9e-4482-9b17-0ec72b3dcb72;1957-02-18;Wilma Allison;Colombia;2021-10-08
203b9446-50c4-4838-98c1-6ffae81f90be;1975-07-15;Evelyn Burch;Sweden;2021-09-30
95e09b10-8cf8-45b5-a836-7e63a6d5e2e3;1997-12-06;Ivan O'Neill;Turkey;2004-12-25
6e1c3da4-4d59-4f72-91d8-ec1e6d348e4b;2005-01-07;Brenden Maddox;Colombia;2007-04-25
5f48140f-0c19-4acf-a380-e244a6c19dc9;1976-04-17;Azalia Mckenzie;Singapore;2022-11-04
d9c001c2-a8fc-4885-ba01-94755bc53251;1971-04-05;Jelani Carter;Norway;2023-07-14
89320a73-4ba0-49cb-a55a-83c6e925a577;1994-06-23;Flynn French;Vietnam;2009-01-22
26dc1c3c-8c34-40d8-a5c1-dc3a010f2d13;1969-12-18;Carlos Rose;Sweden;2008-02-29
0f1fb860-ea62-48ff-a398-ae4fc265bcf9;1954-05-11;Eric Bond;Singapore;2020-04-17
a77a3b7d-260e-446c-8e70-5a0ce97ae176;2006-01-29;Finn Barrera;Nigeria;2013-07-07
0068333d-9fbd-4018-befb-f878f3743e25;1981-01-05;Candice Jimenez;Sweden;2016-12-25
7a1a1b45-c964-4483-8960-dacce00ccb76;1981-12-04;Kimberley Cannon;Austria;2022-07-19
806bcc56-d641-4269-8049-84008e5f9b96;1998-07-15;Priscilla Hamilton;United States;2020-07-20
6a68e459-03e9-4da3-8820-16df27fb4973;1976-04-17;Kylie Sellers;Colombia;2016-02-29
f1757a08-3a85-46e8-9f7f-2327c91d8091;1977-03-24;Boris Hurst;Sweden;2015-12-23
9c86fd01-14c9-489b-91aa-8bdd958cae8c;1956-09-19;Leilani Burton;Netherlands;2012-02-05
da480d49-ee0a-480d-95d2-b7a053570b34;2002-01-31;Yael Livingston;Nigeria;2015-09-10
ad3fb2f4-07be-4316-843b-bda932fb3b37;2010-04-20;Angelica Hardy;Pakistan;2007-11-01
176043fb-a607-45ee-8ad5-3194c7f44649;1969-09-23;Demetrius Vang;India;2006-03-27
01f73e34-440b-489a-9b03-b81c60a4eb9d;1962-12-03;Jael Farrell;Colombia;2010-05-31
f9bf9a8f-b6a0-41da-bfe7-ea6c2f813a91;1961-01-03;Upton Marks;Australia;2006-08-06
c5ab6ffb-fd49-4745-a8c1-041a501c88c7;1972-06-24;Pearl Bishop;Colombia;2006-04-24
785c7bcd-3c4e-4d37-bd59-81f75153ad27;1983-03-03;Stone Witt;Belgium;2016-03-24
44f0c4b9-8c79-40be-9550-e736c87fd566;1963-03-07;Jessamine York;Peru;2006-02-03
ad0e36f2-e787-4221-9fc2-781fefbb285b;1989-01-16;Lilah Campos;Peru;2014-05-29
01b0215f-ff92-4f4c-ace5-e912ea4b252a;1996-05-29;Inez Mcneil;France;2006-07-30
5cfc8cef-76bf-45f5-a914-3a75a6d46469;1990-10-04;Alfreda Melton;Indonesia;2012-02-28
a9f2f9c5-3654-4a63-b0ac-c2b84c92a1d9;1969-10-16;Francis Hodge;Singapore;2020-04-27
a8e00eb1-c558-442b-9649-abbfb7f9e07a;2008-08-10;John Wall;Chile;2008-06-18
8ad2e32c-218d-4aaf-9f77-410000fd0f9f;1991-07-20;Jessica Hudson;Norway;2010-02-12
626ea99c-3291-4d7a-8bd4-cff2d6e2dc7e;1971-02-17;Warren Hunter;Nigeria;2021-03-17
26f09a00-ae38-475f-bbc5-3e4dc1470a27;1975-01-24;Vanna Phillips;Belgium;2017-05-09
4bd781a9-bb0e-4fb2-9bee-a4b80373da08;1982-08-20;Reed Poole;Poland;2005-04-08
c3d545e1-b9f1-411e-88ac-bad32155d966;1978-05-13;Zelda Morgan;Ireland;2015-11-04
7ecceec1-0142-4306-8460-5e8721a6e208;1954-09-16;Emery Hull;Colombia;2014-11-04
903809f8-bf59-4184-be8e-47fe08b6ccba;2002-03-26;Rafael Stein;Singapore;2014-12-20
9959cfb2-ed52-49a9-aee1-e437352382d5;2004-11-12;Lael Olsen;Brazil;2011-07-06
714a12bc-9196-4cac-8f31-b9253aaf68ac;1999-12-16;Brooke Wallace;South Africa;2017-08-16
e3488208-5a2f-4c2a-b959-1cf6c22cc2af;1989-12-16;Gareth Edwards;Colombia;2006-02-21
c5234beb-e3e1-4942-a6cb-ee075db1b5e4;1958-01-15;Rose Hartman;Austria;2021-01-01
bb3ac1b8-69ba-4c16-832a-ea83c819fa3c;1986-06-27;Lawrence Dickerson;Ukraine;2022-06-14
9354786c-6c04-41b9-b9ed-260e9298034c;1997-07-27;Brielle Dean;Peru;2015-12-24
6cdd649e-fed6-4d4f-83a3-65c4e2e98d3b;2006-04-12;Garrett Gilmore;Indonesia;2021-11-30
8c78adec-12f8-491f-a61a-bed1f4ac52b7;1988-08-17;Akeem Vang;Nigeria;2018-10-31
f8a72e76-e988-4bfd-9f27-81950650efdb;1972-09-29;Jasper Copeland;New Zealand;2009-05-31
92b82d0c-36c3-4e37-b33c-b8cdc602af0d;1956-09-29;Alan Cox;Germany;2015-09-30
4d5336c4-6e8a-4829-a3d3-877c8a3ec410;1957-05-15;Cyrus Dickerson;Netherlands;2019-11-19
ba6e8c16-7e43-492b-bc02-cf12a07c9874;1968-06-14;Declan Bradshaw;Belgium;2019-07-17
9aedc532-ce6a-4e6e-8df8-d99d7e7ad61d;1962-06-14;Kylynn Knight;Pakistan;2023-05-05
b5f833d7-9533-4481-b5e2-9bf33ce546df;1991-04-03;Stacey Hubbard;Chile;2016-08-14
4ca96243-ce21-48ac-bb4e-3be7e16ea75c;1974-04-20;Orson Weaver;Canada;2015-08-12
f656f211-fd56-4d8d-a12d-731d03f089d5;1954-06-22;Cally Owen;United States;2022-09-08
c90b2605-9564-4ca1-be1f-a5ff75f74a47;1954-07-16;Fuller Underwood;Chile;2019-03-22
2872acf5-c538-4afd-9853-0f70317f7a67;1994-11-14;Lee Bishop;Norway;2006-09-09
ea9ff025-e601-47bf-8fe9-748c11d5f51c;1972-07-03;Kirsten Cooper;Sweden;2021-08-22
864594bd-820a-4645-bada-5004b4673c8b;1984-02-08;Penelope Bolton;Turkey;2019-08-26
a1e0d11c-6d0a-4d33-ae3f-79d006301c9a;1955-01-28;Jena Mclaughlin;Ukraine;2011-04-05
be7636eb-597a-49fe-9074-fac7aaae4f3c;1976-08-05;Demetria Webster;Mexico;2016-04-10
4115efdb-61cd-43a2-9ebf-21898fa81269;1985-11-22;Priscilla Cervantes;Turkey;2012-09-07
10abd617-ad76-49fb-b639-35ce2bc8ca68;1970-06-28;Hannah Wynn;France;2006-11-09
e2de1281-f2b2-461c-b804-9c83582a8d28;1971-04-19;Branden Haney;Turkey;2011-05-19
00ac5d6c-d14e-47da-8872-615cdfc88309;2010-07-05;Ocean Campbell;Belgium;2020-12-18
1c632efe-58cf-41f8-bd94-82ddb1cc9a27;2003-12-27;Fitzgerald Berg;Russian Federation;2008-07-10
25bef097-4c46-4728-95d5-2b83425d54f2;1981-04-12;Ronan Chase;Austria;2004-03-18
0888b7ba-90aa-4937-9da1-18469dc68d90;1995-10-25;Raymond Barnes;Nigeria;2009-09-30
3dde36d6-21ab-4ec9-8a02-99eec5477588;1980-01-02;Marcia Madden;Belgium;2012-02-26
e9861a14-6193-4831-80ae-4fa2cc08af28;1984-10-02;Sybill Hampton;United States;2016-09-13
94f5fd9f-6efc-465d-9db4-956c7a94c96f;1973-05-03;George Ferguson;Costa Rica;2006-01-23
80908db6-7110-4191-bc12-0303c592f21f;2009-08-06;Autumn Weaver;Austria;2005-12-09
95a43108-b9b3-479e-9c30-90bace764d23;1976-05-02;Deirdre Castaneda;Chile;2014-05-19
76632862-f165-4315-bcd5-7d1ee07d058f;1973-07-09;Giselle Bullock;Italy;2014-04-06
d2a56ed3-55fc-417a-8f1c-b8b06fd95020;1955-12-04;Fleur Wolfe;Chile;2015-04-15
b4cc0ace-4003-49a4-9792-5fe1a9736620;1968-07-08;Marshall Ray;Nigeria;2015-02-14
397192e9-6481-4701-a3ed-03553bcab662;1977-05-04;Lila Maynard;Vietnam;2021-09-09
a5f61a56-a795-41f6-920d-88ab76b561ce;1969-07-20;Dexter Downs;Brazil;2020-02-17
31419c18-3642-4707-9084-da940866a496;2000-02-16;Samson Gibson;Belgium;2014-04-08
a56776d5-60b5-4c6f-b9ca-7b51305caf08;2007-04-07;Tamara Daugherty;Norway;2005-12-02
ff245ed7-5159-4adc-a2cc-b19efba38bc4;1955-07-02;Kevin Crosby;India;2005-06-19
51a62e63-5f8e-4339-85f3-1f1d36a2227a;1978-04-07;Serena James;Italy;2005-08-27
d5ea2d69-6380-4dee-800c-3f7fa29be41a;1990-11-09;Kieran Nieves;Ireland;2010-03-28
144b9a2c-4ec8-473c-b731-5e673920a949;1957-07-04;Adria Griffin;Philippines;2009-01-03
489096ea-428d-4ae2-a452-bcb813704154;1978-07-05;Echo Curtis;Italy;2011-10-31
6ec4913f-960a-44bf-a688-edc25b5b019b;2000-06-30;Tad Albert;Italy;2004-08-12
579fb500-88f5-4621-bb6d-ee9b1125d8f1;1999-02-17;Honorato Olsen;Spain;2019-09-02
58dc4458-c9dc-471f-b32d-6600c8321130;2007-06-15;Abra Hampton;Chile;2020-12-04
b3fa2805-0d2f-42f0-ab32-854dffb3b170;1997-08-26;Nora Wright;Ukraine;2014-08-15
ef0a95d8-bca9-4301-9485-698d2da654ed;1992-02-11;Ila Shepard;South Korea;2021-07-16
d325088f-c4fc-4b15-9371-e87a1bfbb45b;1970-03-13;James Irwin;Ireland;2006-10-17
fba221c8-596a-4cba-80d7-4972731fd2ad;1993-12-10;Nathan Wong;China;2010-08-10
98958382-94a7-4b5b-bb74-7a72221d4c85;1989-04-21;Joy Harrington;Chile;2017-01-15
8adf3f51-4011-4ade-88f3-1c0aa53831c8;2001-10-06;Aline Kim;Italy;2012-03-12
0b173f68-ca19-4375-9c6d-1261390b2916;1987-06-13;Keane White;Germany;2005-08-22
2d6618a3-1dca-4c38-9356-16ceade475da;1985-03-15;Stephen Mosley;Peru;2008-08-17
398458cd-59d7-46fb-8910-68bad32932c6;2002-12-05;Erica Holden;Vietnam;2019-11-29
c38ea828-84b5-4007-bf79-8c41b0493b94;1969-12-18;Callum Stevenson;Australia;2016-03-07
9ef4a991-1ea3-4aee-8626-75ec45f32d92;1996-10-20;Ross Short;Austria;2014-04-15
14aae992-8172-4882-9dab-6c8378a230e7;2003-11-14;Gloria Haney;Belgium;2020-09-25
92c471aa-bc6b-4fb6-87f0-961afd2f5b70;1999-03-31;Hu Huff;Colombia;2010-08-14
43be67cb-d93d-45de-8751-b2efd6b35d36;2007-06-30;Demetria Mooney;Poland;2013-09-04
5b263a1f-7519-4f85-adae-63e5a5cddd97;2007-08-25;Rosalyn Russell;India;2007-02-20
57d54ead-ff81-47db-846d-bf9a3f31f877;1954-10-21;Maia Fitzpatrick;Sweden;2004-09-14
440dfe27-2a93-4219-a00d-fe8b5fb19c96;1982-11-23;Anastasia Caldwell;Germany;2021-01-14
4aecda43-1255-41dc-9272-9f70ead9cf95;1965-08-07;Wesley Ayala;Indonesia;2004-07-19
4502a710-4eb2-4f69-9ce6-d294333a148f;2009-05-03;Kessie Garza;Russian Federation;2016-03-17
2ed5e6d4-ea25-48ce-b1d8-d71324c0921e;1954-01-23;Neil Blackwell;Chile;2019-01-30
07088785-ec11-415f-aa4c-a7fdced1c131;1969-09-22;Hanna Walker;Chile;2017-05-28
0d7df639-0988-48ba-98c7-602f85db3338;1957-12-31;Lucian Anderson;Sweden;2017-06-26
940806c8-b740-40c9-9211-0477c285e4d3;1969-04-27;Dorian Gaines;Singapore;2015-01-04
f52c52b0-8f9a-4907-b3d4-11aff1b3219b;1965-08-01;Montana Tillman;Vietnam;2011-02-12
d67c00a7-0e22-4b99-9528-75e33c16ae3a;1954-05-04;Oren Harrington;Nigeria;2016-06-19
d9dbfacb-fdc3-4801-bf2a-d6fb3575a267;2010-06-24;Leonard Sellers;Colombia;2010-12-01
1cab5b91-cbb0-47cf-b61a-072878b6106d;1982-08-15;Hakeem Walls;Nigeria;2004-07-29
f8c50cc8-3523-4784-9cd9-4607951b97bf;1998-07-22;Hadassah Wood;Nigeria;2020-08-11
09b3a052-612d-4d7c-ae1a-524e6cd6ea65;1956-05-08;Bernard Lyons;Ireland;2011-11-19
b4da978d-1d59-4bd5-b3e5-487aae53caef;1955-07-07;Nita Abbott;Turkey;2023-05-23
234933f1-f23a-4910-af6c-d15b2ab0a2e9;1973-08-23;Caryn Harrell;Peru;2008-05-06
737b777c-4d24-43b1-9969-db099e146a0a;1970-05-23;Nigel Terry;Norway;2011-05-02
9fe04722-005e-4470-9f14-5e25f548367e;2003-12-04;Felix Mitchell;Austria;2016-09-11
d3d8f04b-da0f-4ae4-95fe-4633c657e9bb;1986-11-05;Jescie Kirkland;Australia;2015-08-20
33ebd13d-f418-438b-b3fe-b3e749f99619;1996-01-21;Nathaniel Lowery;Chile;2013-08-14
887f4055-3d77-4c97-a984-fbddda08935e;1975-12-27;Forrest Ford;Colombia;2010-12-23
b94c7287-9b15-4eb7-ad84-bdbafef20c3c;2006-12-02;Dylan Hutchinson;Mexico;2022-11-09
47968795-2c18-4e13-b4bc-2e591e3b0802;1966-03-31;Kirsten Bender;Pakistan;2005-03-13
5a1d2333-8c19-4920-ab04-caa9d0839d9b;1991-06-15;Alexa Kane;Italy;2008-07-02
fe9994a5-e266-4ae1-9efb-c19241e67862;1986-08-28;Yuli Gibson;New Zealand;2007-10-09
c6e28f17-ded7-465a-9e6b-9e1ed6b24bb1;1970-04-21;Neville Baxter;Indonesia;2019-07-04
af788bf7-1c15-4b89-8c24-bea7f68cc12f;2001-12-18;Devin Valentine;Spain;2012-10-26
7a6d0855-5c71-4e7b-af52-0315c740ed2c;2008-09-08;Plato Mckinney;Nigeria;2004-11-16
7806258b-f3e1-40c3-b185-42093253bcdd;1973-08-24;Hayden Hunter;New Zealand;2022-10-29
5c2f98bf-6802-4c42-94dd-36080b65c70d;1979-05-07;Abra Hull;United States;2014-12-08
d9c81db1-8647-4f63-a88b-aba215513868;1967-07-15;Cassady Merritt;France;2010-01-26
5cde6472-1e2f-4ada-8e49-3b1156c82e15;1975-10-15;Herman Crosby;Ireland;2022-03-13
e0092ca3-7bc7-4909-a04a-a3107f84d9c5;1972-10-11;Linda Mays;Russian Federation;2022-05-17
6d22163b-f172-4650-83dc-b4ddd09f0e02;1961-06-11;Pandora Bullock;Russian Federation;2020-04-09
b1bd0438-b234-4434-882b-930f47687d2b;1970-11-01;Jolie Baxter;Belgium;2013-11-15
9ea5cdc6-6201-45f0-bf6a-70b1e2c47540;2001-06-14;Madaline Montoya;Peru;2013-08-11
de919109-bfbc-4f77-8a2a-eceba06246fd;1970-07-13;Karly Fields;Spain;2021-05-22
44d64199-960d-49f8-8b59-4f95baf515c8;2007-05-29;Ora Figueroa;Ireland;2008-07-10
da86f4de-ac3d-46c2-af2c-cec261e6f7d5;2002-02-23;Jared Ochoa;South Korea;2017-12-23
bf39ac49-9661-4c72-9d02-9e3afc3002cf;1971-01-14;Adria Bowers;Vietnam;2011-02-24
9ed7d25e-ae29-4448-a55c-fea04626825c;1958-05-11;Asher Burton;France;2009-11-28
928bdc5f-87f1-4be9-b16e-de8ca143d5bd;1998-02-03;Haley Duncan;Nigeria;2010-04-23
65e7636d-3f23-4c0f-9e49-f1a008eb802f;2010-06-30;Mason Miranda;Belgium;2019-10-21
35ae343a-6f9e-44ef-96bc-9431aaa37a44;1991-12-15;Brooke Manning;Ukraine;2010-06-10
1822ef48-f769-4ebd-aad3-7ff2e4968e26;1989-04-21;Karen Small;Chile;2019-06-19
51281a98-40ec-40bb-a2d4-da70874c615a;2007-08-16;Colleen Mcintyre;Mexico;2017-10-09
8e23c905-2a0d-4849-bac6-308ecee8e93d;1956-07-19;Brendan Vaughan;Sweden;2005-07-06
be0fdf8f-a580-438f-a73c-930cc4b0e0d5;1966-05-25;Aurelia Stephenson;Indonesia;2012-03-03
27a5b382-3c73-476b-999c-0a913136c51b;1974-03-26;Dennis Lloyd;Ireland;2010-05-27
ee88a5cc-5e65-4719-b1d0-2865aca2bf38;2007-07-14;Chadwick Watkins;Chile;2011-06-27
270c0fcd-d104-415e-86b2-ec6c5a99bde3;2005-12-10;Odysseus Howe;Singapore;2015-11-16
0ff61358-808a-412b-abc8-562a3401f8e1;1960-04-06;Emerald Pittman;Brazil;2006-06-30
837d49c8-f54f-4321-9ed9-5561bfa1296d;1993-04-28;Caleb Bray;New Zealand;2005-10-11
8aa8b1c7-e708-4469-8838-0387ee6e3070;1980-07-26;Simon Holland;Spain;2013-05-10
9b6754d6-9895-412e-b317-e243290700ed;1969-08-04;Sophia Fletcher;Sweden;2018-06-21
c89febeb-8f86-4a0a-bae4-75ba1302b145;1968-12-24;Daquan James;Germany;2019-11-17
40da8761-025c-45af-b789-25fb2a5261ba;1998-07-22;Bruno Workman;Costa Rica;2019-03-27
9300d2ad-b840-4f0b-a7d5-1de2687dcea0;1996-06-06;Megan Rosales;Australia;2004-10-27
762071c8-2f92-43c1-92ee-2f662104c89c;1972-01-19;Neve Anderson;New Zealand;2023-08-25
8001b563-fdf8-409c-b561-150f17e034d8;1988-05-18;Ariel Moran;Vietnam;2018-12-26
4b2ed822-0a0e-4184-9d69-01eafe5ec546;1987-01-13;Lavinia Finch;Ukraine;2005-02-13
613d0f68-b841-41ac-bdcf-36e60792587c;1984-12-27;Nola Church;Ireland;2004-10-31
8b192831-f539-44b8-9310-53c49a29f85c;1961-08-15;Kiona Rosario;Brazil;2012-02-05
108f1360-c635-4d85-84ef-66ef91eb8ee5;1975-10-29;Daphne Powers;South Korea;2004-08-12
4d104046-c45b-419d-b1d8-ed12673b57a7;1997-01-28;Orson Vincent;Austria;2010-10-16
8e39ea1c-f4a7-4302-ac19-596c8225ca80;1960-06-27;Jesse Goodwin;Norway;2012-07-21
7820d317-e151-4202-91a7-0abb2654f9ac;2010-09-22;Skyler Hobbs;New Zealand;2017-03-21
502a517f-9c04-48b8-a682-2e0164ce5a96;1979-03-21;Danielle Campbell;Belgium;2010-09-04
e6c5f2ca-b8a4-47d8-81cc-3096ad622363;2009-01-05;Harper Sullivan;Poland;2015-03-23
38eaa10b-b7cb-4c4a-832e-5e858861a0b2;1974-10-21;Indira Lara;Costa Rica;2017-10-21
d7c30971-6daf-4b05-819e-c8eb9f61e563;1959-06-19;Drake Lynn;Mexico;2004-05-14
b58237d5-255a-461f-a5a5-bf86ed880c3c;1980-10-16;Thor Meadows;Peru;2020-09-30
5ad1fe2c-b74d-4d14-8bd9-10ead53fbc40;1978-01-24;Brennan Black;United States;2009-12-18
8e5d398d-5f8c-402a-94dd-8bcb7430e40a;1981-02-10;Benedict Blair;Poland;2008-06-01
542c68fe-0c8c-490f-85e3-752c2b416d2a;1964-10-13;Roth Bradshaw;Chile;2013-02-19
8d8d7378-0b76-4543-a027-8bc86d86627a;2000-07-19;Jackson Maddox;Netherlands;2005-07-01
de80799c-62ff-4095-9d51-dafa37818de6;1985-01-20;Henry Osborne;Pakistan;2014-12-30
6a048fa9-83f2-4bb6-bb9a-8126241efd8f;1972-08-08;Faith Richard;Sweden;2018-08-12
fba9dec8-32ba-404e-83ec-e6208dcadf69;2010-06-09;Scarlet Farmer;Norway;2019-11-14
be01ebcf-d0b0-41a3-8013-fe622d5e794f;1964-10-04;Evelyn Love;Sweden;2008-10-25
0c6596f9-3b9a-4854-9600-b527cfbe7d2a;1991-07-21;Branden Watts;Canada;2010-01-13
7d590f2d-2d14-4edd-bfc7-b625f95d4fbd;1979-05-07;Carlos Mcmillan;Colombia;2016-03-30
4840a9e8-c397-4bab-ba75-d05ebae47c62;1979-09-20;Hu Nguyen;Turkey;2021-09-18
20acbcdc-faaf-4226-aa8a-8ccda0d57845;1962-04-11;Holmes Fulton;Peru;2017-11-09
a8b6a396-4b38-4ec2-be51-88a136e098cd;1988-09-19;Nolan Beck;Netherlands;2007-06-05
c0731067-1780-41ba-8f63-51c2a0a5fab3;1955-01-11;Charde Salinas;Peru;2022-03-01
29a927f5-edc0-40c5-adec-1f9edc4655e0;1960-03-03;Charity Sutton;Vietnam;2017-05-19
af614cf7-ca1a-41ba-8132-cf213ca22629;1976-03-06;Ralph Patton;Australia;2020-05-15
1c5f5e2c-b5fa-4dba-a300-155274c30846;1985-03-13;Ariana Stout;South Korea;2006-07-29
35c4496a-1ab1-4f53-b3fb-5352d927f356;1995-03-01;Fulton Oneal;South Korea;2005-06-03
ae479882-9738-4152-b012-70af4bd95c9d;1955-12-15;Nicole Vargas;Netherlands;2023-11-04
a4bf525c-7967-45cb-8a38-18abe60e03e2;2003-05-14;Kimberly Michael;Nigeria;2016-04-08
d15b6bba-dd78-432a-ac04-40dbb8a6e597;1974-02-24;Jillian Ellis;Singapore;2021-11-12
daaee2b9-3ee7-42a5-a61e-1ae78cdc42d2;1971-04-04;Maryam Chan;Costa Rica;2008-07-01
e3ae29bc-98de-4478-a6cf-7a89fb8761a2;1954-05-30;Isabelle Hopkins;Peru;2014-11-28
728b0881-60b0-4476-8baf-37f2ffc584ad;1992-04-16;Shaine Parsons;Brazil;2017-12-31
5449098c-4033-447f-82bc-0663f8ccda46;1997-10-12;Vanna Morgan;Pakistan;2022-09-07
3ed20434-1367-4ff4-9113-d22cf90db781;1991-05-10;Devin Dunlap;Sweden;2009-12-31
3abbded7-8229-4b56-a77d-7bcad2c32566;1973-07-23;Lacey Brady;France;2013-08-02
a88549ca-c86e-4c25-bf56-b355f4c0393d;1986-12-19;Cathleen Lewis;Chile;2009-10-13
93f1a5dc-7ed0-4bb4-a156-49e8c602cb2d;1988-01-22;Heather Durham;Colombia;2011-12-14
ff13b7dc-3129-41e8-8971-b6ed64a6bcf4;2000-10-02;Desiree Lindsay;Belgium;2005-09-13
fef43831-a875-47d6-9e21-20b68a7b44f7;1967-11-16;Deirdre Benson;South Korea;2016-08-12
512f2986-ae2a-49db-b906-401fcf45329a;1976-10-17;Yasir Case;Spain;2004-12-24
028eddf8-cab8-4590-9d65-088eb1a82c93;1991-04-27;Elton Mack;Belgium;2007-07-29
6f9d903f-10aa-4d0e-993b-1278ad29767d;1987-07-01;Yvonne Wells;Vietnam;2020-12-14
beec5331-76f0-4546-ae23-aa1754076511;1965-07-05;Jessamine Ruiz;Russian Federation;2017-08-26
c51917de-30b0-42c5-92b1-9da2a344c128;1983-10-05;Ursa Martin;Ukraine;2008-07-14
b416ac86-6951-44ee-8645-c205da86ab04;1991-09-27;Graiden Garrison;South Korea;2019-01-17
559940c5-0b34-4dbc-885c-eedf9a537115;1983-07-16;Lunea Byers;Costa Rica;2018-08-16
7e2527de-54cb-4cc8-9e08-1bcae0ef2370;1994-08-06;Paloma Miranda;Ukraine;2013-02-11
0bd9f0c7-89a8-41a4-bb00-e7b9abccdd7e;1967-03-20;Kylan Sosa;Peru;2015-10-19
c3d4b478-73cc-4108-ad32-b43d446d92d1;1958-05-01;Julian Coffey;India;2020-12-21
c07fba19-59b4-4d68-9670-4259d6d50746;1956-01-20;Benedict Barrett;Vietnam;2010-08-15
d2edeb96-4ef1-4052-acd8-e4de2564d6f4;1975-12-25;Barry Burnett;Russian Federation;2006-08-14
9f03b151-9a87-468e-bf29-342d4fd96ee5;1971-06-30;Sandra Baxter;Nigeria;2009-01-27
03f72073-7987-4d7d-bc3a-b89583e3b077;1973-09-20;Jeremy Webster;Nigeria;2006-11-16
85a94a7b-8307-4d51-88b6-bf2e175f5fa2;1961-05-13;Nyssa Weeks;Netherlands;2021-02-02
61d3253b-f129-4622-90d6-9949b0fd2fb9;2009-06-15;Carly Hartman;Ireland;2005-06-06
a4d52477-b6e6-4c58-88b9-506872d230af;1959-09-15;Barry Allen;Brazil;2019-09-04
e38431e7-42b7-4048-b965-e64ec29d380c;1972-07-05;Maia Vincent;Australia;2021-10-19
29702cba-13d2-493e-acb8-b9ba326b5b15;1967-03-05;Veda Kelley;South Africa;2022-09-28
49542946-f488-4d07-b6a4-aebe53b9cb17;1964-09-28;Meghan Bullock;United Kingdom;2022-02-08
2bb4e910-adef-4320-bc00-5e2bc94b6c37;1990-03-29;Andrew Bryan;Mexico;2014-09-18
b5f34e07-14c8-4575-86c4-770cb15d938d;1964-06-28;Maia Cantu;Italy;2018-11-15
7e27135c-8ea1-4d97-b245-488591c6de6c;1958-05-06;Amy Harris;Poland;2023-09-19
f9b9b949-7144-429f-bafc-d1d1fca0b7f3;1989-12-15;Olivia Rocha;Costa Rica;2019-12-27
58ed0a5b-0ce9-4b1b-a985-f13cc7661697;1978-02-13;Raphael Puckett;Netherlands;2011-08-14
8190f977-4fad-4f1d-8b47-6f8483303829;1974-06-20;Kathleen Puckett;Austria;2022-10-11
9ca5afbb-d57d-4970-b1fa-68504f66b493;1958-05-09;Wylie Franco;Ireland;2007-09-03
ad2899d4-0b2d-4ba4-ae53-4790b41b74ce;2003-03-11;Teagan Combs;Indonesia;2023-08-15
0e17004a-fdbb-458c-b26d-79f1a37370b2;2003-02-01;Marsden Blevins;France;2010-10-01
84cd23f3-51d1-43fe-8a65-860eee825391;1992-04-09;Isabella Mckay;Ireland;2008-01-27
c40028af-46c6-40da-b85b-c07960cc740b;1957-04-01;Castor Anderson;France;2019-06-05
53f49d5e-5777-4452-95f6-ea8f83b943d4;1999-01-02;Rafael Odom;Peru;2012-04-06
d0cc9af1-af57-4ddf-bb24-6450a2c2aa4e;1999-02-09;Dawn Shelton;Colombia;2020-04-07
53c694ca-404a-4a75-998a-ce201ea175c1;1993-04-22;Alyssa Stein;Philippines;2014-10-28
9d5e6498-c4b2-4bd3-b12b-b2bf0a81bc20;1992-10-28;Barrett Noble;Netherlands;2019-11-17
bbe8ff28-44e9-445c-bb62-dcde4311cc79;1996-11-03;Adena Cabrera;Netherlands;2018-03-23
758c34bd-7319-43fb-876b-20d0853b807f;1970-12-25;Lana Daugherty;Sweden;2020-05-25
53d12f49-9597-4235-9703-09408b8dbe0f;2009-02-16;Raphael Meyers;Philippines;2009-05-21
5480cfe3-a35c-471a-abd2-9bbf5fc3f771;1975-10-12;Imogene Fuller;South Korea;2022-08-01
37cccded-e01c-419e-bd0b-9244fd2fe7a5;1971-01-13;Graham Mosley;Peru;2004-04-26
3edf94cc-cf8c-4e00-a3e4-eda285f93168;2003-06-26;Jesse Schmidt;Colombia;2023-07-31
db3ee7c4-c829-4c60-aa9e-2c8f93127ae4;1996-09-27;Sean Collins;Singapore;2005-06-15
c3898816-d451-45dd-90a7-a419a75b845c;1979-11-27;Moana Gamble;Singapore;2019-08-24
edc5d76c-9f26-479f-92d3-06641913feaf;1993-11-16;Cleo Kidd;Australia;2013-09-30
780e1a0a-2748-4219-8d28-b387e21cac9e;1975-11-06;Chaney Dillon;Canada;2010-02-12
1f6a0bf3-ba59-4df3-a3d4-63f1951a5ec8;2008-10-19;Heidi Ellis;Nigeria;2010-08-18
35eed582-082f-4d6b-9183-9fb786f8384a;2000-05-18;Portia Mcmillan;New Zealand;2005-07-28
7821073d-5265-409f-8874-ef6c889c3992;1996-08-31;Kitra Knox;Peru;2011-12-23
1974a263-1d48-41f9-8952-2bf6ebc3c1be;2005-08-27;Alfonso Faulkner;Mexico;2016-03-18
6f1784c8-31e6-46a4-a9a0-cf77dd2cb24b;1997-11-30;Angelica George;Norway;2017-01-08
7fe05fe0-2a97-4b3a-a7c7-6feae761fcef;1957-08-16;Latifah Solomon;India;2013-10-14
42b9164d-85de-458d-adb8-adf8095727d6;1958-09-03;Melissa Lopez;Brazil;2017-10-31
6d55ad17-58b6-4295-8eb3-6c2219a4b85f;1967-05-02;Quamar Roy;Norway;2016-12-28
3a0374b3-4678-4316-a3a4-d38d2760b661;1997-03-28;Yuri Kinney;Germany;2005-07-19
376c10dd-32c7-4a08-88e4-cd02d7c92693;2001-03-24;Alan Beach;Italy;2009-03-31
6c488d25-539c-46cf-ad1e-2e078f29923b;2008-04-21;Winter Hampton;Singapore;2012-07-04
8fda9a26-f434-4553-b433-450f0e2e01e1;1957-05-02;James Cannon;United States;2019-01-28
4abe2220-de22-404e-9e62-89903b499c53;1956-06-13;Reese Wilcox;New Zealand;2010-10-10
05631927-8cc5-4e88-be31-6d369c212824;1977-04-19;Imani Romero;Ireland;2010-01-11
501af41c-a8cc-4561-abae-7ec08df97890;1982-12-04;Jamal Shepherd;Colombia;2006-12-13
f502d263-db5b-42e5-b3b8-23b0af84d50e;1996-02-24;Lee Snow;Vietnam;2022-03-16
e3b56f9a-fe64-498d-9dd4-af8c5e79b5e6;2008-08-01;Cyrus Duran;Turkey;2017-05-22
4def5ae8-f4bf-4a91-9539-8deae3f4012c;1956-09-23;Kamal Talley;New Zealand;2019-02-08
a6ca2ddc-4d56-4308-b8f5-4692485971c5;1968-10-10;Pamela Harvey;Mexico;2018-11-27
9d8909d6-188b-4893-aad4-271917f0c306;1999-07-21;Craig Mccarthy;Belgium;2022-09-13
5589c86f-0673-4034-b973-789ea072dd18;2000-08-02;Emerson Jackson;Singapore;2009-02-17
7bd1df35-8ab7-4c56-b4a2-40eab7b72291;1977-07-28;Thor Vega;Chile;2014-01-15
22f48f9f-4d9f-40b2-b140-abde9f3cc202;2010-02-10;Adam Cabrera;Germany;2023-06-22
f31f0030-89ed-4cbb-8e3d-04a99aa816cd;2007-06-25;Rebecca Simon;South Africa;2008-08-26
7441b4b6-cee0-45ba-94ec-81d61a6fe72b;1964-03-05;Aquila Stark;Australia;2011-08-17
c0ec6923-170e-4d7d-b407-4a168cabfba7;1991-05-18;Xavier Hartman;United Kingdom;2022-07-19
6cde85eb-c89d-418a-8102-0ca82b89f62f;1975-01-31;Courtney Porter;Ukraine;2013-03-25
869f2b6f-9074-4f46-967a-549dd4f8e85b;2008-06-01;Dorothy Park;Russian Federation;2023-08-16
aa393a44-6532-4be7-bb4b-6a915bd06895;1957-12-23;Clarke Davenport;France;2021-12-28
4686169c-0059-4bf2-a4fe-3886c8592028;2007-08-23;Neve Hinton;Norway;2021-10-25
78e3d48a-7004-42aa-b78e-837a76e14020;1977-11-23;Emily Price;Ireland;2016-10-24
bc7d5692-d987-4a9b-9d90-054662d3cd54;1965-03-30;Karly Kent;Costa Rica;2011-03-15
0e457382-d62f-4f87-945e-50f6baa5308e;2007-07-07;Boris Dominguez;Nigeria;2005-06-25
b44f0e96-0d20-43c1-ae39-862a605d8388;1990-05-14;Erin Whitney;Nigeria;2016-02-16
19939c76-7ae3-40e7-ab10-dc7f936e9c47;1989-07-22;Bradley Meyers;Russian Federation;2006-08-29
e88f3f2d-f324-4ac6-b1d9-ad0923cc18f9;1984-10-15;Abel Downs;Colombia;2010-05-17
a45e02d0-f377-4f0c-970a-d19a475a36bc;2010-09-01;Walter Nolan;Belgium;2013-10-26
c97f888c-0d46-4ad9-a132-9cd87967f0fc;2007-02-19;Ifeoma Bailey;South Korea;2015-05-04
1ac9f07f-41b0-4e4e-817c-65e4f830733b;1963-12-23;Quemby Case;New Zealand;2009-01-02
bf310623-9bef-420b-9cdb-4d8e283a271c;1985-11-25;Isadora Collier;Mexico;2007-05-23
234a4bc6-eaa1-49b5-8549-af4354bb0268;1979-07-04;Lars Barron;Austria;2022-06-07
bcf4c1bc-1acb-44a4-b368-4c930c4a1422;1982-05-08;Bertha Rosario;Mexico;2019-07-14
43d32364-1d8c-4bd6-af2a-4ad717b05c06;2006-12-13;Denise Larsen;Russian Federation;2018-06-08
1d420bc0-8911-497f-a913-d4687a13be0b;1974-03-22;Samantha Weaver;Norway;2015-11-13
7a9a7b14-fb63-499d-89ae-f155008b2927;1974-11-14;Clayton Roberts;Turkey;2006-05-26
95af0ec2-c94f-4d84-b59b-07b17256bec6;1975-01-28;Hoyt Goodman;Norway;2010-11-15
93a1a60c-d2d7-44f5-ad19-36e183039883;1979-07-02;Xavier Henderson;Russian Federation;2009-03-13
8c56fa25-7a3e-4369-a8b4-65760b53bebd;1988-03-13;Keefe Morin;Philippines;2016-11-24
24b1c1a5-0d98-48cb-8265-b985e455d66f;1995-10-31;Sierra Guerra;Belgium;2012-12-06
6e270b0a-1b41-426e-a297-7a658f98a31f;1968-08-19;Daquan Ferrell;Indonesia;2010-10-22
c16bb72c-7f81-47b7-bbfc-712161b10919;1991-09-03;Hammett Mcguire;Poland;2009-04-06
fc0dcf85-602c-4db4-bbc5-5d4b4add7026;1992-10-25;Cameron Mclaughlin;France;2011-09-11
6860c3b2-fa12-4b48-a2c7-2c3949391183;1962-09-01;Bree Banks;Mexico;2018-02-17
0e08b798-c944-4b2e-bf49-0f6c72cfa966;1979-04-29;Lana Hudson;Nigeria;2010-02-14
3fb6503c-f7ff-4d09-8969-abd3ca21d84d;1960-02-21;Jarrod Vasquez;Germany;2004-12-15
9e884450-6001-4e5c-95df-2edfbb5ffaa9;1975-03-20;Shad Ayala;Mexico;2012-12-02
8c00141b-935e-4a80-9930-333408aaff92;1956-01-05;Yoshi Buckley;China;2017-11-25
5bffd8c8-ae90-44d9-b594-f914e0effebe;1996-06-13;Mariam Harrison;South Africa;2018-06-07
49df41fa-277c-461e-9dda-e452aab13c30;2006-06-12;Leilani Stein;China;2011-01-30
602116ab-9f27-4d12-a118-db88b2e2ceef;1969-06-25;Serena Palmer;Sweden;2014-10-15
6d5a5227-3cf5-4247-b2db-425679a89f5c;1968-04-29;Thor Cooke;Norway;2020-09-30
2cb69936-d05a-4841-9e38-ad669ca436c1;1970-10-04;Brenden Battle;Netherlands;2006-07-18
af9d5429-4987-4ee4-baf7-102e4eb8e15e;2000-04-15;Rama Stuart;Mexico;2010-07-09
4b2ed5c4-538b-4546-b0e0-6043eb44a32c;1979-06-24;Hanna Foster;Indonesia;2018-07-17
32bde2a2-7de6-46b6-bf8a-4c2b41e8db9c;2008-02-29;Griffin Whitney;Austria;2007-03-04
83b9fbab-4f1c-49f5-a133-34e82c0bf01e;1997-08-20;Paloma Kirkland;United States;2021-09-02
93916c74-c7fc-4505-acf4-323ddce20e7a;1991-05-06;Cameran Cain;Pakistan;2010-06-03
3538aa68-cb64-4515-ad79-46a95714dee9;1954-06-01;Bertha Morse;Pakistan;2015-10-30
d202f5a6-fbc1-44cd-ae28-59a49680d2e3;1985-03-21;Jared Gibson;New Zealand;2009-11-23
bd13a6b0-b6ee-4f5c-9a40-dcb7e8b0e5c1;1956-08-10;Stella Harris;Austria;2010-12-22
04e2da6b-1b4a-4f28-8669-9bfc1b61a8cc;1995-03-26;Maisie Ballard;Ukraine;2010-03-27
cb70e631-07a3-4de9-9471-9addf991ace8;1967-08-22;Cyrus Flynn;Canada;2004-07-01
7ff9e0f1-5cff-4fbf-bb79-7f317061ee7b;2008-04-15;Daquan Cooley;Italy;2023-08-05
44a2d27e-ea4f-4022-8042-704c1b326109;1988-08-12;Anjolie Harmon;Peru;2021-06-02
acabe88c-4648-4664-86fc-de0b51d8095c;1955-02-20;Brett Vinson;Costa Rica;2015-01-03
ff4e2458-7091-452d-b007-fa087bb306a0;1964-01-21;Desiree Rush;Mexico;2022-01-01
7174066f-146b-44eb-b6af-78c69b381588;1992-03-24;Oscar Donovan;Nigeria;2004-06-12
7351124d-b46a-498f-affd-3d12e04361ec;2005-08-26;Simon Cooke;Peru;2010-12-13
8b5da78f-e27d-426d-9709-c2483abca45f;1966-03-06;Hayden Hamilton;Indonesia;2016-11-01
db10ab4d-afe3-4524-818a-0d061daeca97;1981-03-17;Desiree Beach;Mexico;2009-11-07
f1a7ec06-a3c3-4c7f-812a-1610f4bec78d;1997-05-29;Allistair Lynn;Ukraine;2009-07-15
ec6d43c3-aa6f-4c99-a051-a3a0b3560457;1960-11-06;Amaya Richardson;Vietnam;2016-10-01
cc1cb8ee-d5db-46a9-bef1-83b674533984;2005-01-05;Colt Horn;Sweden;2017-04-17
1e0c8cfc-7d0b-446a-9694-10ffaf60581d;1982-02-11;Samantha Kidd;Colombia;2010-03-27
8ad69555-6f13-411f-9ce2-ac11b519eb9a;1968-09-19;Olivia Love;Ireland;2023-09-20
e582a53e-d45e-42b2-aed7-d699425aa061;1961-05-12;Marny Maddox;Ukraine;2006-11-14
975c6788-d64a-4e2f-942a-95748a2c3823;2006-06-26;Ruth Workman;Australia;2004-07-23
e7de6910-3175-4bd6-897c-eefbddffc1c8;1961-08-15;Tyrone Sharp;Austria;2022-12-07
44a092d1-06b7-4497-b6b0-1162959376ff;1956-08-16;Aretha Carpenter;Indonesia;2016-07-12
5ba0ca03-2514-4681-acf4-d431b9556727;1993-12-24;Eaton Higgins;Mexico;2006-06-11
480be794-086a-4679-92d5-4394575581c4;2002-07-08;Britanney Hardin;Belgium;2012-05-07
a0443f67-72ab-4a1d-a788-208b8e78f2ba;1971-01-04;Blaze Daniels;Costa Rica;2015-07-10
9644e370-5ff9-42e1-aae3-1c1da8ad1707;1998-06-07;Glenna Benjamin;Brazil;2011-07-11
51c5029c-7e59-438d-8e68-1e4cbafd821c;2006-01-30;Buffy Sweet;Belgium;2012-10-05
837df62f-4f98-4028-a655-84f03f66061b;1987-06-03;Desiree Heath;Costa Rica;2019-12-06
9551d0f8-214c-408e-90e3-f239d2aa44d6;2000-10-17;Hector Stark;Australia;2021-09-10
6481eaa7-4f9b-4965-8629-5cfa145525cf;1996-02-22;Addison Valdez;Indonesia;2015-09-11
7c0c7aa3-c630-4583-a36c-86655d844b6c;1982-03-07;Scott Mercer;United Kingdom;2006-08-27
8ee82671-f72f-46af-84ff-43812f7176e6;1984-05-09;Ulysses Ramos;Chile;2010-08-20
4bac7bf8-b050-4f8a-8de0-55461bb3b3fa;1998-04-04;Jasper Woodard;Pakistan;2007-04-13
1a3f13ec-d44d-45ad-a330-732e35dce5c9;1968-06-21;Orla Perez;Spain;2008-08-02
589c95ef-c84f-42c1-98bd-7060c9a1c204;1977-07-10;Gavin Downs;South Korea;2017-03-14
8c7528ab-e39f-4b59-a978-a56c0727814b;1998-12-10;Kermit Knapp;New Zealand;2018-01-16
fc260bbf-b7a5-435a-99f2-6d993c2967e6;1990-04-26;Beck Adams;Italy;2007-09-12
0a57aff3-5358-455c-817a-b0d7d51e5001;2002-03-02;Tallulah Patrick;Ireland;2012-06-25
2e2f669f-2c71-4171-af3d-32020b8404a2;1993-08-23;Ivor Chambers;Austria;2007-08-25
393d5bf0-9e2a-4685-9ce4-bba9bce8572c;1973-07-10;Bruno Larsen;Turkey;2013-03-17
